[
    {
        "age": null,
        "album": "https://jewishjournal.com",
        "author": "https://jewishjournal.com",
        "bookmarked": true,
        "comments": [],
        "date_dead_since": null,
        "date_published": "2009-02-25T18:03:01+00:00",
        "description": "I heard a fascinating commentary on NPR\u2019s \u201cDay to Day\u201d in December in which critic Andrew Wallenstein remarked that good intentions",
        "id": 40359,
        "language": "en-US",
        "link": "https://jewishjournal.com/uncategorized/68849",
        "manual_status_code": 0,
        "page_rating": 45,
        "page_rating_contents": 91,
        "page_rating_visits": 0,
        "page_rating_votes": 20,
        "permanent": false,
        "source_url": "https://jewishjournal.com/uncategorized/68849",
        "status_code": 200,
        "tags": [
            "israel",
            "kate winslet",
            "oscar"
        ],
        "thumbnail": "https://jewishjournal.com/wp-content/uploads/2017/11/jjsplash_a_1200x1920.png",
        "title": "Kate Winslet wanted a Holocaust Oscar",
        "vote": 20
    },
    {
        "age": null,
        "album": null,
        "author": null,
        "bookmarked": true,
        "comments": [],
        "date_dead_since": "2024-09-28T02:32:34.390964+00:00",
        "date_published": "2009-04-29T20:15:58+00:00",
        "description": "First Mexico fatal flu victim sought help for days | Reuters",
        "id": 40358,
        "language": "en",
        "link": "https://www.reuters.com/article/us-flu-mexico-sb-idUSTRE53S93K20090429",
        "manual_status_code": 0,
        "page_rating": 3,
        "page_rating_contents": 0,
        "page_rating_visits": 0,
        "page_rating_votes": 0,
        "permanent": false,
        "source_url": "https://www.reuters.com",
        "status_code": 600,
        "tags": [
            "mexico",
            "swine flu",
            "pandemic"
        ],
        "thumbnail": "https://www.reuters.com/pf/resources/images/reuters/reuters-default.webp?d=189",
        "title": "First Mexico fatal flu victim sought help for days | Reuters",
        "vote": 0
    },
    {
        "age": null,
        "album": null,
        "author": null,
        "bookmarked": true,
        "comments": [],
        "date_dead_since": null,
        "date_published": "2009-05-07T21:30:07+00:00",
        "description": "Scottish paedophile ring found guilty of more than 50 charges",
        "id": 40357,
        "language": "en",
        "link": "https://www.theguardian.com/uk/2009/may/07/scottish-paedophile-ring-guilty-child-abuse",
        "manual_status_code": 0,
        "page_rating": 30,
        "page_rating_contents": 86,
        "page_rating_visits": 0,
        "page_rating_votes": 0,
        "permanent": false,
        "source_url": "https://www.theguardian.com",
        "status_code": 200,
        "tags": [
            "lgbt",
            "the left wing",
            "paedophilia"
        ],
        "thumbnail": "https://assets.guim.co.uk/images/eada8aa27c12fe2d5afa3a89d3fbae0d/fallback-logo.png",
        "title": "Scottish paedophile ring found guilty of more than 50 charges",
        "vote": 0
    },
    {
        "age": null,
        "album": null,
        "author": null,
        "bookmarked": true,
        "comments": [],
        "date_dead_since": null,
        "date_published": "2009-05-23T07:17:54+00:00",
        "description": "The Future of Artificial Intelligence - The New York Times",
        "id": 40356,
        "language": "en",
        "link": "https://www.nytimes.com/2009/05/24/weekinreview/24markoff.html",
        "manual_status_code": 0,
        "page_rating": 29,
        "page_rating_contents": 80,
        "page_rating_visits": 0,
        "page_rating_votes": 0,
        "permanent": false,
        "source_url": "https://www.nytimes.com",
        "status_code": 403,
        "tags": [
            "artificial intelligence"
        ],
        "thumbnail": "https://static01.nyt.com/newsgraphics/images/icons/defaultPromoCrop.png?year=2009",
        "title": "The Future of Artificial Intelligence - The New York Times",
        "vote": 0
    },
    {
        "age": null,
        "album": null,
        "author": null,
        "bookmarked": true,
        "comments": [],
        "date_dead_since": null,
        "date_published": "2009-06-11T20:14:29+00:00",
        "description": "WHO declares swine flu pandemic | Swine flu | The Guardian",
        "id": 40355,
        "language": "en",
        "link": "https://www.theguardian.com/world/2009/jun/11/swine-flu-pandemic-who-declares",
        "manual_status_code": 0,
        "page_rating": 30,
        "page_rating_contents": 86,
        "page_rating_visits": 0,
        "page_rating_votes": 0,
        "permanent": false,
        "source_url": "https://www.theguardian.com",
        "status_code": 200,
        "tags": [
            "swine flu",
            "who",
            "pandemic"
        ],
        "thumbnail": "https://assets.guim.co.uk/images/eada8aa27c12fe2d5afa3a89d3fbae0d/fallback-logo.png",
        "title": "WHO declares swine flu pandemic | Swine flu | The Guardian",
        "vote": 0
    },
    {
        "age": null,
        "album": null,
        "author": null,
        "bookmarked": true,
        "comments": [],
        "date_dead_since": null,
        "date_published": "2009-07-03T20:15:13+00:00",
        "description": "Teenager is fourth person in UK to die from swine flu | Swine flu | The Guardian",
        "id": 40354,
        "language": "en",
        "link": "https://www.theguardian.com/world/2009/jul/03/swine-flu-london-teenager-death",
        "manual_status_code": 0,
        "page_rating": 30,
        "page_rating_contents": 86,
        "page_rating_visits": 0,
        "page_rating_votes": 0,
        "permanent": false,
        "source_url": "https://www.theguardian.com",
        "status_code": 200,
        "tags": [
            "swine flu",
            "fearmongering"
        ],
        "thumbnail": "https://assets.guim.co.uk/images/eada8aa27c12fe2d5afa3a89d3fbae0d/fallback-logo.png",
        "title": "Teenager is fourth person in UK to die from swine flu | Swine flu | The Guardian",
        "vote": 0
    },
    {
        "age": null,
        "album": null,
        "author": null,
        "bookmarked": true,
        "comments": [],
        "date_dead_since": null,
        "date_published": "2009-07-04T20:13:44+00:00",
        "description": "Swine flu could kill 40 Britons a day by end of summer, says chief medical officer | Daily Mail Online",
        "id": 40353,
        "language": "en-US",
        "link": "https://www.dailymail.co.uk/news/article-1197054/Swine-flu-kill-40-Britons-day-end-summer-says-chief-medical-officer.html",
        "manual_status_code": 0,
        "page_rating": 29,
        "page_rating_contents": 80,
        "page_rating_visits": 0,
        "page_rating_votes": 0,
        "permanent": false,
        "source_url": "https://www.dailymail.co.uk",
        "status_code": 200,
        "tags": [
            "swine flu",
            "fearmongering"
        ],
        "thumbnail": "",
        "title": "Swine flu could kill 40 Britons a day by end of summer, says chief medical officer | Daily Mail Online",
        "vote": 0
    },
    {
        "age": null,
        "album": null,
        "author": null,
        "bookmarked": true,
        "comments": [],
        "date_dead_since": null,
        "date_published": "2009-08-08T00:00:00+00:00",
        "description": "my cat wrote the song, I just played the music and shot the video.\r\n\r\nmusic is available here: http://cyriak.co.uk/music.html",
        "id": 40352,
        "language": "en-US",
        "link": "https://www.youtube.com/watch?v=GSMCRD35ch4",
        "manual_status_code": 0,
        "page_rating": 30,
        "page_rating_contents": 86,
        "page_rating_visits": 0,
        "page_rating_votes": 0,
        "permanent": false,
        "source__id": 407,
        "source_url": "https://www.youtube.com/feeds/videos.xml?channel_id=UC9Ntx-EF3LzKY1nQ5rTUP2g",
        "status_code": 200,
        "tags": [
            "art"
        ],
        "thumbnail": "https://i.ytimg.com/vi/GSMCRD35ch4/hqdefault.jpg?sqp=-oaymwEmCOADEOgC8quKqQMa8AEB-AH-BIAC4AOKAgwIABABGEMgVChlMA8=&rs=AOn4CLDUVkLw9zFUU3qvhO5Kp02fQMW2HA",
        "title": "meow mix",
        "vote": 0
    },
    {
        "age": null,
        "album": null,
        "author": null,
        "bookmarked": true,
        "comments": [],
        "date_dead_since": null,
        "date_published": "2009-08-21T00:00:00+00:00",
        "description": "So we are Rymdreglage from Sweden. We like to do music and videos and build stuff, sometimes\nwith artistic ambitions sometimes just to save money like film equipment and stuff like that. We have also been working for three years on a digital puzzle called \"Crypzzle\" that you can download for free from our webpage: www.rymdreglage.se It contains over 5000 hours ambient music. 1024 albums with 99 songs on each album. The winner will hopefully be happy. More info on the webpage. You can find all of our music on Spotify and probably most of the other streaming platforms. \n\nIf you like what we are doing and want to support us financially, you can do so on our website www.rymdreglage.se We use PayPal, swish and Patreon. If you donate 200 USD or swishar 2000 SEK or more we will send you a pair of the \"Steampunk Rave Glasses\" that are handmade by us, see the following link: \nhttps://www.youtube.com/watch?v=F5G9n_JmdbE&t=48s\nThey comes wrapped in a paper from the video Terminator 2 - 20 years ",
        "id": 40351,
        "language": "en",
        "link": "https://www.youtube.com/watch?v=4qsWFFuYZYI",
        "manual_status_code": 0,
        "page_rating": 30,
        "page_rating_contents": 86,
        "page_rating_visits": 0,
        "page_rating_votes": 0,
        "permanent": false,
        "source_url": "https://www.youtube.com/feeds/videos.xml?channel_id=UCXlPjUoeRVI80liZv37vQSw",
        "status_code": 200,
        "tags": [
            "music",
            "chiptune"
        ],
        "thumbnail": "https://i.ytimg.com/vi/4qsWFFuYZYI/maxresdefault.jpg",
        "title": "LEGO - 8-bit trip",
        "vote": 0
    },
    {
        "age": null,
        "album": null,
        "author": null,
        "bookmarked": true,
        "comments": [],
        "date_dead_since": null,
        "date_published": "2009-09-02T20:27:25+00:00",
        "description": "Pfizer fined $2.3 billion for illegal marketing in off-label drug case - ABC News",
        "id": 40350,
        "language": "en",
        "link": "https://abcnews.go.com/Business/pfizer-fined-23-billion-illegal-marketing-off-label/story?id=8477617",
        "manual_status_code": 0,
        "page_rating": 29,
        "page_rating_contents": 82,
        "page_rating_visits": 0,
        "page_rating_votes": 0,
        "permanent": false,
        "source_url": "https://abcnews.go.com",
        "status_code": 200,
        "tags": [
            "big pharma",
            "pfizer"
        ],
        "thumbnail": "https://s.abcnews.com/images/US/abc_news_default_2000x2000_update_16x9_992.jpg",
        "title": "Pfizer fined $2.3 billion for illegal marketing in off-label drug case - ABC News",
        "vote": 0
    },
    {
        "age": null,
        "album": null,
        "author": null,
        "bookmarked": true,
        "comments": [],
        "date_dead_since": null,
        "date_published": "2009-09-03T20:08:34+00:00",
        "description": "Pfizer zap\u0142aci 2,3 mld dolar\u00f3w kary - Forsal.pl",
        "id": 40348,
        "language": "pl",
        "link": "https://forsal.pl/artykuly/349186,pfizer-zaplaci-23-mld-dolarow-kary.html",
        "manual_status_code": 0,
        "page_rating": 32,
        "page_rating_contents": 91,
        "page_rating_visits": 0,
        "page_rating_votes": 0,
        "permanent": false,
        "source_url": "https://forsal.pl",
        "status_code": 200,
        "tags": [
            "big pharma",
            "pfizer"
        ],
        "thumbnail": "https://ocdn.eu/pulscms-transforms/1/0yxktkuTURBXy82YWE2ZmI4NC0wZTJmLTQ0NjMtODdmNi00ZDJlNWQxYzFjZWMuanBlZ5GTBc0EsM0CdA",
        "title": "Pfizer zap\u0142aci 2,3 mld dolar\u00f3w kary - Forsal.pl",
        "vote": 0
    },
    {
        "age": null,
        "album": null,
        "author": null,
        "bookmarked": true,
        "comments": [],
        "date_dead_since": null,
        "date_published": "2009-09-16T14:55:29+00:00",
        "description": "<p>Article URL: <a href=\"https://www.cs.utexas.edu/~fussell/courses/cs352h/papers/moore.pdf\">https://www.cs.utexas.edu/~fussell/courses/cs352h/papers/moore.pdf</a></p>\n<p>Comments URL: <a href=\"https://news.ycombinator.com/item?id=35297839\">https://news.ycombinator.com/item?id=35297839</a></p>\n<p>Points: 5</p>\n<p># Comments: 0</p>",
        "id": 36693,
        "language": "en-US",
        "link": "https://www.cs.utexas.edu/~fussell/courses/cs352h/papers/moore.pdf",
        "manual_status_code": 0,
        "page_rating": 9,
        "page_rating_contents": 20,
        "page_rating_visits": 0,
        "page_rating_votes": 0,
        "permanent": false,
        "source__id": 141,
        "source_url": "https://hnrss.org/frontpage",
        "status_code": 200,
        "tags": [
            "hardware",
            "integrated circuits",
            "gordon moore"
        ],
        "thumbnail": null,
        "title": "Cramming More Components onto Integrated Circuits (Gordon Moore, 1965) [pdf]",
        "vote": 0
    },
    {
        "age": null,
        "album": null,
        "author": null,
        "bookmarked": true,
        "comments": [],
        "date_dead_since": null,
        "date_published": "2009-10-06T00:00:00+00:00",
        "description": "REMASTERED IN HD!\n\nMusic video by No Doubt performing It's My Life. (C) 2003 Interscope Records\n\n#NoDoubt #ItsMyLife #Remastered #VEVO",
        "id": 40349,
        "language": "en",
        "link": "https://www.youtube.com/watch?v=ubvV498pyIM",
        "manual_status_code": 0,
        "page_rating": 30,
        "page_rating_contents": 86,
        "page_rating_visits": 0,
        "page_rating_votes": 0,
        "permanent": false,
        "source_url": "https://www.youtube.com/feeds/videos.xml?channel_id=UCX1fmvrecx_W3u0Ikks353w",
        "status_code": 200,
        "tags": [
            "random"
        ],
        "thumbnail": "https://i.ytimg.com/vi_webp/ubvV498pyIM/maxresdefault.webp",
        "title": "No Doubt - It's My Life (Edited)",
        "vote": 0
    },
    {
        "age": null,
        "album": null,
        "author": null,
        "bookmarked": true,
        "comments": [],
        "date_dead_since": null,
        "date_published": "2009-10-19T17:14:20+00:00",
        "description": "Skandal w Niemczech. Inne szczepionki dla rz\u0105du - Wydarzenia w INTERIA.PL",
        "id": 40347,
        "language": "pl",
        "link": "https://wydarzenia.interia.pl/raport-swinska-grypa/news-skandal-w-niemczech-inne-szczepionki-dla-rzadu,nId,868885",
        "manual_status_code": 0,
        "page_rating": 30,
        "page_rating_contents": 86,
        "page_rating_visits": 0,
        "page_rating_votes": 0,
        "permanent": false,
        "source_url": "https://wydarzenia.interia.pl",
        "status_code": 200,
        "tags": [
            "swine flu",
            "h1n1"
        ],
        "thumbnail": "https://i.iplsc.com/-/00021W65EG48THX8-C461-F4.jpg",
        "title": "Skandal w Niemczech. Inne szczepionki dla rz\u0105du - Wydarzenia w INTERIA.PL",
        "vote": 0
    },
    {
        "age": null,
        "album": null,
        "author": null,
        "bookmarked": true,
        "comments": [],
        "date_dead_since": null,
        "date_published": "2009-11-04T16:10:21+00:00",
        "description": "C++ Coding Standards - Book Home Page",
        "id": 37405,
        "language": "en-US",
        "link": "http://www.gotw.ca/publications/c++cs.htm",
        "manual_status_code": 0,
        "page_rating": 26,
        "page_rating_contents": 73,
        "page_rating_visits": 0,
        "page_rating_votes": 0,
        "permanent": false,
        "source_url": "http://www.gotw.ca",
        "status_code": 200,
        "tags": [
            "programming",
            "c++"
        ],
        "thumbnail": null,
        "title": "C++ Coding Standards - Book Home Page",
        "vote": 0
    },
    {
        "age": null,
        "album": null,
        "author": null,
        "bookmarked": true,
        "comments": [],
        "date_dead_since": null,
        "date_published": "2009-11-17T00:00:00+00:00",
        "description": "Polish health minister has shown concern for the Polish population regarding the untested dangerous H1N1 vaccination and as a result she is accused of being anti NWO and anti fascist.Reupload from KlipKlep's channel-http://www.youtube.com/user/KlipKlep",
        "id": 40346,
        "language": "pl",
        "link": "https://www.youtube.com/watch?v=yn3ElOkqND0",
        "manual_status_code": 0,
        "page_rating": 30,
        "page_rating_contents": 86,
        "page_rating_visits": 0,
        "page_rating_votes": 0,
        "permanent": false,
        "source_url": "https://www.youtube.com/feeds/videos.xml?channel_id=UCZKaONphUeqGTBjlsqYfP1A",
        "status_code": 200,
        "tags": [
            "vaccine",
            "swine flu"
        ],
        "thumbnail": "https://i.ytimg.com/vi/yn3ElOkqND0/hqdefault.jpg",
        "title": "Ewa Kopacz accused of being anti NEW WORLD ORDER because she is concerned about the H1N1 vaccination",
        "vote": 0
    },
    {
        "age": null,
        "album": "https://www.rp.pl",
        "author": "https://www.rp.pl",
        "bookmarked": true,
        "comments": [],
        "date_dead_since": null,
        "date_published": "2009-12-23T07:38:16+00:00",
        "description": "Grupa ortodoks\u00f3w wezwa\u0142a do bojkotu sklep\u00f3w, kt\u00f3re wystawi\u0142y choinki i inne \u201eg\u0142upie chrze\u015bcija\u0144skie symbole\u201d",
        "id": 40345,
        "language": "pl",
        "link": "https://www.rp.pl/swiat/art7390661-radykalni-zydzi-walcza-z-bozym-narodzeniem",
        "manual_status_code": 0,
        "page_rating": 30,
        "page_rating_contents": 86,
        "page_rating_visits": 0,
        "page_rating_votes": 0,
        "permanent": false,
        "source_url": "https://www.rp.pl",
        "status_code": 200,
        "tags": [
            "christianophobia",
            "israel"
        ],
        "thumbnail": "https://i.gremicdn.pl/image/free/e3b6ab99e9cc5d9bbe1410a6f9faa8d6/?t=resize:fill:1200:750,enlarge:1",
        "title": "Radykalni \u017bydzi walcz\u0105 z Bo\u017cym Narodzeniem",
        "vote": 0
    }
]