[
    {
        "age": null,
        "album": null,
        "author": null,
        "bookmarked": true,
        "comments": [],
        "date_dead_since": null,
        "date_published": "1987-06-21T07:33:34+00:00",
        "description": "The Tao of Programming",
        "id": 40762,
        "language": "en-US",
        "link": "https://www.mit.edu/~xela/tao.html",
        "manual_status_code": 0,
        "page_rating": 61,
        "page_rating_contents": 80,
        "page_rating_visits": 0,
        "page_rating_votes": 50,
        "permanent": false,
        "source_url": "http://www.mit.edu",
        "status_code": 200,
        "tags": [
            "programming",
            "funny"
        ],
        "thumbnail": null,
        "title": "The Tao of Programming",
        "vote": 50
    },
    {
        "age": null,
        "album": null,
        "author": null,
        "bookmarked": true,
        "comments": [],
        "date_dead_since": null,
        "date_published": "1987-12-26T19:53:55+00:00",
        "description": "Mel Gibson Warns About the Chinese Takeover in 1987",
        "id": 40761,
        "language": "en-US",
        "link": "https://www.youtube.com/watch?v=ORxcC_55X6s",
        "manual_status_code": 0,
        "page_rating": 30,
        "page_rating_contents": 86,
        "page_rating_visits": 0,
        "page_rating_votes": 0,
        "permanent": false,
        "source_url": "https://www.youtube.com/feeds/videos.xml?channel_id=UCLbNDE7eoEfd5Ova6NBnfCA",
        "status_code": 200,
        "tags": [
            "australia",
            "mel gibson",
            "china"
        ],
        "thumbnail": "https://i.ytimg.com/vi_webp/ORxcC_55X6s/hqdefault.webp",
        "title": "Mel Gibson Warns About the Chinese Takeover in 1987",
        "vote": 0
    }
]