[
    {
        "age": null,
        "album": null,
        "author": null,
        "bookmarked": true,
        "comments": [],
        "date_dead_since": null,
        "date_published": "1996-07-16T20:52:40+00:00",
        "description": "Embrace, extend, and extinguish - Wikipedia",
        "id": 39626,
        "language": "en-US",
        "link": "https://en.wikipedia.org/wiki/Embrace,_extend,_and_extinguish",
        "manual_status_code": 0,
        "page_rating": 29,
        "page_rating_contents": 81,
        "page_rating_visits": 0,
        "page_rating_votes": 0,
        "permanent": false,
        "source_url": "https://en.wikipedia.org",
        "status_code": 200,
        "tags": [
            "embrace extend extinguish",
            "dark design",
            "microsoft"
        ],
        "thumbnail": null,
        "title": "Embrace, extend, and extinguish - Wikipedia",
        "vote": 0
    },
    {
        "age": null,
        "album": null,
        "author": null,
        "bookmarked": true,
        "comments": [],
        "date_dead_since": null,
        "date_published": "1996-07-16T20:56:25+00:00",
        "description": "Tomorrow, the World Wide Web!;Microsoft, the PC King, Wants to Reign Over the Internet - The New York Times",
        "id": 39625,
        "language": "en",
        "link": "https://www.nytimes.com/1996/07/16/business/tomorrow-world-wide-web-microsoft-pc-king-wants-reign-over-internet.html",
        "manual_status_code": 0,
        "page_rating": 29,
        "page_rating_contents": 80,
        "page_rating_visits": 0,
        "page_rating_votes": 0,
        "permanent": false,
        "source_url": "https://www.nytimes.com",
        "status_code": 403,
        "tags": [
            "embrace extend extinguish",
            "dark design",
            "microsoft"
        ],
        "thumbnail": "https://static01.nyt.com/newsgraphics/images/icons/defaultPromoCrop.png?year=1996",
        "title": "Tomorrow, the World Wide Web!;Microsoft, the PC King, Wants to Reign Over the Internet - The New York Times",
        "vote": 0
    }
]