[
    {
        "age": null,
        "album": null,
        "author": null,
        "bookmarked": true,
        "comments": [],
        "date_dead_since": null,
        "date_published": "2014-01-02T07:13:53+00:00",
        "description": "The Crypto Wars: Governments Working to Undermine Encryption",
        "id": 39689,
        "language": "en",
        "link": "https://www.eff.org/document/crypto-wars-governments-working-undermine-encryption",
        "manual_status_code": 0,
        "page_rating": 89,
        "page_rating_contents": 86,
        "page_rating_visits": 0,
        "page_rating_votes": 90,
        "permanent": false,
        "source_url": "https://www.eff.org",
        "status_code": 200,
        "tags": [
            "crypto wars",
            "encryption",
            "big brother",
            "surveillance",
            "privacy"
        ],
        "thumbnail": "https://www.eff.org/files/eff-og.png",
        "title": "The Crypto Wars: Governments Working to Undermine Encryption",
        "vote": 90
    },
    {
        "age": null,
        "album": null,
        "author": null,
        "bookmarked": true,
        "comments": [],
        "date_dead_since": null,
        "date_published": "2014-01-21T21:07:31+00:00",
        "description": "Dyskryminacja p\u0142ciowa: Wystarczy by\u0107 kobiet\u0105, by dosta\u0107 dodatkowe punkty",
        "id": 39639,
        "language": "pl",
        "link": "https://forsal.pl/artykuly/771848,dyskryminacja-plciowa-wystarczy-byc-kobieta-by-dostac-dodatkowe-punkty.html",
        "manual_status_code": 0,
        "page_rating": 32,
        "page_rating_contents": 91,
        "page_rating_visits": 0,
        "page_rating_votes": 0,
        "permanent": false,
        "source_url": "https://forsal.pl",
        "status_code": 200,
        "tags": [
            "sexism",
            "discrimination",
            "inequality",
            "feminism"
        ],
        "thumbnail": "https://ocdn.eu/pulscms-transforms/1/TnNktkuTURBXy8xZmYwOGRlMC0xYmQ3LTQxNjQtYTk0Yy0yMDVjMjhjZTk1NjcuanBlZ5GTBc0EsM0CdA",
        "title": "Dyskryminacja p\u0142ciowa: Wystarczy by\u0107 kobiet\u0105, by dosta\u0107 dodatkowe punkty",
        "vote": 0
    },
    {
        "age": 15,
        "album": null,
        "author": null,
        "bookmarked": true,
        "comments": [],
        "date_dead_since": null,
        "date_published": "2014-01-22T07:45:37+00:00",
        "description": "Judge rules that Kansan who provided sperm to lesbian couple owes child support  Read more at: https://www.kansascity.com/news/local/article337100.html#storylink=cpy",
        "id": 39688,
        "language": "en-US",
        "link": "https://www.kansascity.com/news/local/article337100.html",
        "manual_status_code": 0,
        "page_rating": 30,
        "page_rating_contents": 86,
        "page_rating_visits": 0,
        "page_rating_votes": 0,
        "permanent": false,
        "source_url": "https://www.kansascity.com",
        "status_code": 200,
        "tags": [
            "lgbt",
            "the left wing"
        ],
        "thumbnail": "https://www.kansascity.com/latest-news/article192036.ece/alternates/LANDSCAPE_1140/William%20Marotta",
        "title": "Judge rules that Kansan who provided sperm to lesbian couple owes child support  Read more at: https://www.kansascity.com/news/local/article337100.html#storylink=cpy",
        "vote": 0
    },
    {
        "age": null,
        "album": "Veritasium",
        "author": "Veritasium",
        "bookmarked": true,
        "comments": [],
        "date_dead_since": null,
        "date_published": "2014-02-10T00:00:00+00:00",
        "description": "Evidence Facebook's revenue is based on fake likes.\r\nMy first vid on the problem with Facebook: http://bit.ly/1dXudqY\r\nI know first-hand that Facebook's advertising model is deeply flawed. When I paid to promote my page I gained 80,000 followers in developing countries who didn't care about Veritasium (but I wasn't aware of this at the time). They drove my reach and engagement numbers down, basically rendering the page useless. I am not the only one who has experienced this. Rory Cellan-Jones had the same luck with Virtual Bagel: http://www.bbc.co.uk/news/technology-18819338\r\n\r\nThe US Department of State spent $630,000 to acquire 2 million page likes and then realized only 2% were engaged. http://wapo.st/1glcyZo\r\n\r\nI thought I would demonstrate that the same thing is still happening now by creating Virtual Cat (http://www.facebook.com/MyVirtualCat). I was surprised to discover something worse - false likes are coming from everywhere, including Canada, the US, the UK, and",
        "id": 832881,
        "language": null,
        "link": "https://www.youtube.com/watch?v=oVfHeWTKjag",
        "manual_status_code": 0,
        "page_rating": 30,
        "page_rating_contents": 86,
        "page_rating_visits": 2,
        "page_rating_votes": 0,
        "permanent": false,
        "source__id": 379,
        "source_url": "https://www.youtube.com/feeds/videos.xml?channel_id=UCHnyfMqiRRG1u-2MsSQLbXA",
        "status_code": 200,
        "tags": [
            "facebook",
            "ad business"
        ],
        "thumbnail": "https://i.ytimg.com/vi/oVfHeWTKjag/maxresdefault.jpg",
        "title": "Facebook Fraud",
        "vote": 0
    },
    {
        "age": null,
        "album": null,
        "author": null,
        "bookmarked": true,
        "comments": [],
        "date_dead_since": null,
        "date_published": "2014-02-17T09:23:02+00:00",
        "description": "Nigeria\u2019s Boko Haram targets Christian town and fishing village in latest attacks",
        "id": 39687,
        "language": "en-US",
        "link": "http://edition.cnn.com/2014/02/16/world/africa/nigeria-boko-haram-attacks/index.html?eref=edition",
        "manual_status_code": 0,
        "page_rating": 29,
        "page_rating_contents": 82,
        "page_rating_visits": 0,
        "page_rating_votes": 0,
        "permanent": false,
        "source__id": 59,
        "source_url": "http://rss.cnn.com/rss/edition.rss",
        "status_code": 200,
        "tags": [
            "christianophobia",
            "nigeria",
            "religion",
            "islam"
        ],
        "thumbnail": "https://media.cnn.com/api/v1/images/stellar/prod/140218115601-boko-haram-attack.jpg?q=x_0,y_0,h_1458,w_2592,c_crop/w_800",
        "title": "Nigeria\u2019s Boko Haram targets Christian town and fishing village in latest attacks",
        "vote": 0
    },
    {
        "age": null,
        "album": "Lauris Beinerts",
        "author": "Lauris Beinerts",
        "bookmarked": true,
        "comments": [],
        "date_dead_since": null,
        "date_published": "2014-03-23T00:00:00+00:00",
        "description": "Subscribe for more short comedy sketches & films: http://bit.ly/laurisb Buy Expert shirts & hoodies at https://laurisb.myshopify.com/ Funny business meeting illustrating how hard it is for an engineer to fit into the corporate world! Watch the next episodes: http://bit.ly/SquareProjectEp1, http://bit.ly/SquareProjectEp2 & http://bit.ly/SquareProjectEp3\r\n\r\nStarring: Orion Lee, James Marlowe, Abdiel LeRoy, Ewa Wojcik, Tatjana Sendzimir.\r\n\r\nSubtitles available in many, many languages (enable them using the \"Subtitles/Closed Captions\" button). A big thank-you to everyone who translated! You can add new subtitles here: http://www.youtube.com/timedtext_video?v=BKorP55Aqvg\r\n\r\nWritten & Directed by Lauris Beinerts\r\nBased on a short story \"The Meeting\" by Alexey Berezin\r\nProduced by Connor Snedecor & Lauris Beinerts\r\nDirector of Photography: Matthew Riley\r\nSound Recordist: Simon Oldham\r\nProduction Designer:",
        "id": 39686,
        "language": "en",
        "link": "https://www.youtube.com/watch?v=BKorP55Aqvg",
        "manual_status_code": 0,
        "page_rating": 30,
        "page_rating_contents": 86,
        "page_rating_visits": 0,
        "page_rating_votes": 0,
        "permanent": false,
        "source_url": "https://www.youtube.com/feeds/videos.xml?channel_id=UCc70aB6IfdZpR6mlTON1qjg",
        "status_code": 200,
        "tags": [
            "funny"
        ],
        "thumbnail": "https://i.ytimg.com/vi/BKorP55Aqvg/maxresdefault.jpg",
        "title": "The Expert (Short Comedy Sketch)",
        "vote": 0
    },
    {
        "age": null,
        "album": null,
        "author": null,
        "bookmarked": true,
        "comments": [],
        "date_dead_since": null,
        "date_published": "2014-04-01T11:11:39+00:00",
        "description": "Heartbleed - Wikipedia",
        "id": 39685,
        "language": "en-US",
        "link": "https://en.wikipedia.org/wiki/Heartbleed",
        "manual_status_code": 0,
        "page_rating": 29,
        "page_rating_contents": 82,
        "page_rating_visits": 0,
        "page_rating_votes": 0,
        "permanent": false,
        "source_url": "https://en.wikipedia.org",
        "status_code": 200,
        "tags": [
            "heartbleed",
            "vulnerability"
        ],
        "thumbnail": "https://upload.wikimedia.org/wikipedia/commons/thumb/d/dc/Heartbleed.svg/1200px-Heartbleed.svg.png",
        "title": "Heartbleed - Wikipedia",
        "vote": 0
    },
    {
        "age": null,
        "album": null,
        "author": null,
        "bookmarked": true,
        "comments": [],
        "date_dead_since": "2024-09-27T22:33:19.654793+00:00",
        "date_published": "2014-04-03T09:11:24+00:00",
        "description": "Mozilla CEO resigns, opposition to gay marriage drew fire",
        "id": 39684,
        "language": "en",
        "link": "https://www.reuters.com/article/us-mozilla-ceo-resignation/mozilla-ceo-resigns-opposition-to-gay-marriage-drew-fire-idUSBREA321Y320140403",
        "manual_status_code": 0,
        "page_rating": 3,
        "page_rating_contents": 0,
        "page_rating_visits": 0,
        "page_rating_votes": 0,
        "permanent": false,
        "source_url": "https://www.reuters.com",
        "status_code": 600,
        "tags": [
            "censorship",
            "intolerance",
            "mozilla",
            "the left wing"
        ],
        "thumbnail": "https://www.reuters.com/pf/resources/images/reuters/reuters-default.webp?d=186",
        "title": "Mozilla CEO resigns, opposition to gay marriage drew fire",
        "vote": 0
    },
    {
        "age": null,
        "album": null,
        "author": null,
        "bookmarked": true,
        "comments": [],
        "date_dead_since": null,
        "date_published": "2014-04-08T15:49:00+00:00",
        "description": "Whistleblower tells Council of Europe NSA deliberately snooped on groups such as Human Rights Watch and Amnesty International<p>The US has spied on the staff of prominent human rights organisations, Edward Snowden has told the Council of Europe in Strasbourg, Europe's top human rights body.</p><p><a href=\"http://clients.dbee.com/coe/webcast/index.php?id=20140408-1&amp;lang=en\" title=\"\">Giving evidence via a videolink from Moscow</a>, Snowden said the National Security Agency  for which he worked as a contractor  had deliberately snooped on bodies like Amnesty International and Human Rights Watch.</p> <a href=\"http://www.theguardian.com/world/2014/apr/08/edwards-snowden-us-government-spied-human-rights-workers\">Continue reading...</a>",
        "id": 39683,
        "language": "en-UK",
        "link": "http://www.theguardian.com/world/2014/apr/08/edwards-snowden-us-government-spied-human-rights-workers",
        "manual_status_code": 0,
        "page_rating": 29,
        "page_rating_contents": 82,
        "page_rating_visits": 0,
        "page_rating_votes": 0,
        "permanent": false,
        "source__id": 340,
        "source_url": "https://www.theguardian.com/rss",
        "status_code": 200,
        "tags": [
            "surveillance"
        ],
        "thumbnail": "https://i.guim.co.uk/img/static/sys-images/Guardian/Pix/pictures/2014/4/8/1396964968330/Edward-Snowden-speaks-via-011.jpg?width=1200&height=630&quality=85&auto=format&fit=crop&overlay-align=bottom%2Cleft&overlay-width=100p&overlay-base64=L2ltZy9zdGF0aWMvb3ZlcmxheXMvdGctYWdlLTIwMTQucG5n&enable=upscale&s=fddbfa44ba025d545dbe655a90c78cb5",
        "title": "Edward Snowden: US government spied on human rights workers",
        "vote": 0
    },
    {
        "age": null,
        "album": null,
        "author": null,
        "bookmarked": true,
        "comments": [],
        "date_dead_since": null,
        "date_published": "2014-04-20T10:47:57+00:00",
        "description": "Samsung data center fire causes outage, errors on smart TVs and phones (update: fixed)",
        "id": 39682,
        "language": "en",
        "link": "https://www.engadget.com/2014-04-20-samsung-com-outage-sds-fire.html?guccounter=1",
        "manual_status_code": 0,
        "page_rating": 48,
        "page_rating_contents": 80,
        "page_rating_visits": 0,
        "page_rating_votes": 30,
        "permanent": false,
        "source_url": "",
        "status_code": 200,
        "tags": [
            "technofeudalism"
        ],
        "thumbnail": null,
        "title": "Samsung data center fire causes outage, errors on smart TVs and phones (update: fixed)",
        "vote": 30
    },
    {
        "age": null,
        "album": null,
        "author": null,
        "bookmarked": true,
        "comments": [],
        "date_dead_since": null,
        "date_published": "2014-04-27T19:51:44+00:00",
        "description": "Why Science Does Not Disprove God",
        "id": 39681,
        "language": "en",
        "link": "https://time.com/77676/why-science-does-not-disprove-god",
        "manual_status_code": 0,
        "page_rating": 32,
        "page_rating_contents": 90,
        "page_rating_visits": 0,
        "page_rating_votes": 0,
        "permanent": false,
        "source_url": "https://time.com",
        "status_code": 200,
        "tags": [
            "god",
            "religion",
            "religion knowledge",
            "science"
        ],
        "thumbnail": "https://api.time.com/wp-content/uploads/2014/04/84289848.jpg?quality=85&w=1200&h=628&crop=1",
        "title": "Why Science Does Not Disprove God",
        "vote": 0
    },
    {
        "age": null,
        "album": null,
        "author": null,
        "bookmarked": true,
        "comments": [],
        "date_dead_since": null,
        "date_published": "2014-05-03T05:27:51+00:00",
        "description": "<p>People's privacy is violated without any suspicion of wrongdoing, former National Security Agency contractor claims</p> <a href=\"http://www.theguardian.com/world/2014/may/03/everyone-is-under-surveillance-now-says-whistleblower-edward-snowden\">Continue reading...</a>",
        "id": 39680,
        "language": "en-UK",
        "link": "http://www.theguardian.com/world/2014/may/03/everyone-is-under-surveillance-now-says-whistleblower-edward-snowden",
        "manual_status_code": 0,
        "page_rating": 29,
        "page_rating_contents": 82,
        "page_rating_visits": 0,
        "page_rating_votes": 0,
        "permanent": false,
        "source__id": 340,
        "source_url": "https://www.theguardian.com/rss",
        "status_code": 200,
        "tags": [
            "surveillance"
        ],
        "thumbnail": "https://i.guim.co.uk/img/static/sys-images/Guardian/Pix/pictures/2014/2/12/1392202980420/Edward-Snowden-Meets-With-012.jpg?width=1200&height=630&quality=85&auto=format&fit=crop&overlay-align=bottom%2Cleft&overlay-width=100p&overlay-base64=L2ltZy9zdGF0aWMvb3ZlcmxheXMvdGctYWdlLTIwMTQucG5n&enable=upscale&s=673bf5ce863e5e0f888e19ede0de4468",
        "title": "Everyone is under surveillance now, says whistleblower Edward Snowden",
        "vote": 0
    },
    {
        "age": null,
        "album": null,
        "author": null,
        "bookmarked": true,
        "comments": [],
        "date_dead_since": null,
        "date_published": "2014-05-12T06:03:20+00:00",
        "description": "Ex-NSA Chief: 'We Kill People Based on Metadata' - ABC News",
        "id": 39679,
        "language": "en",
        "link": "https://abcnews.go.com/blogs/headlines/2014/05/ex-nsa-chief-we-kill-people-based-on-metadata",
        "manual_status_code": 0,
        "page_rating": 30,
        "page_rating_contents": 85,
        "page_rating_visits": 0,
        "page_rating_votes": 0,
        "permanent": false,
        "source_url": "https://abcnews.go.com",
        "status_code": 200,
        "tags": [
            "big brother",
            "privacy",
            "nsa",
            "surveillance"
        ],
        "thumbnail": null,
        "title": "Ex-NSA Chief: 'We Kill People Based on Metadata' - ABC News",
        "vote": 0
    },
    {
        "age": null,
        "album": null,
        "author": null,
        "bookmarked": true,
        "comments": [],
        "date_dead_since": null,
        "date_published": "2014-05-14T09:05:44+00:00",
        "description": "Microsoft openly offered cloud data to support NSA PRISM programme | ITProPortal",
        "id": 39678,
        "language": "en-US",
        "link": "https://web.archive.org/web/20190421070310/https://www.itproportal.com/2014/05/14/microsoft-openly-offered-cloud-data-fbi-and-nsa",
        "manual_status_code": 0,
        "page_rating": 30,
        "page_rating_contents": 86,
        "page_rating_visits": 0,
        "page_rating_votes": 0,
        "permanent": false,
        "source_url": "https://web.archive.org",
        "status_code": 200,
        "tags": [
            "microsoft",
            "big tech",
            "big brother",
            "privacy",
            "nsa",
            "prism",
            "surveillance"
        ],
        "thumbnail": "https://web.archive.org/web/20190421070310im_/https://cdn.mos.cms.futurecdn.net/f27a0dc616bc3d61b687630551766f73-1200-80.png",
        "title": "Microsoft openly offered cloud data to support NSA PRISM programme | ITProPortal",
        "vote": 0
    },
    {
        "age": null,
        "album": null,
        "author": null,
        "bookmarked": true,
        "comments": [],
        "date_dead_since": null,
        "date_published": "2014-05-16T09:07:48+00:00",
        "description": "Microsoft openly offered cloud data to the NSA",
        "id": 39677,
        "language": "en",
        "link": "https://betanews.com/2014/05/16/microsoft-openly-offered-cloud-data-to-the-nsa",
        "manual_status_code": 0,
        "page_rating": 32,
        "page_rating_contents": 91,
        "page_rating_visits": 0,
        "page_rating_votes": 0,
        "permanent": false,
        "source_url": "https://betanews.com",
        "status_code": 200,
        "tags": [
            "big brother",
            "backdoor",
            "technofeudalism",
            "microsoft",
            "nsa",
            "privacy",
            "manufacturing consent",
            "cloud computing",
            "big tech"
        ],
        "thumbnail": "https://betanews.com/wp-content/uploads/2014/05/microsoft_header_contentfullwidth1-50x50.png",
        "title": "Microsoft openly offered cloud data to the NSA",
        "vote": 0
    },
    {
        "age": null,
        "album": null,
        "author": null,
        "bookmarked": true,
        "comments": [],
        "date_dead_since": null,
        "date_published": "2014-05-19T00:00:00+00:00",
        "description": "Remarks by Naval Adm. William H. McRaven, BJ '77, ninth commander of U.S.Special Operations Command, Texas Exes Life Member, and Distinguished Alumnus.\n\nUniversity-Wide Commencement\n\nThe University of Texas at Austin, May 17, 2014.",
        "id": 39676,
        "language": "en",
        "link": "https://www.youtube.com/watch?v=pxBQLFLei70",
        "manual_status_code": 0,
        "page_rating": 30,
        "page_rating_contents": 86,
        "page_rating_visits": 0,
        "page_rating_votes": 0,
        "permanent": false,
        "source_url": "https://www.youtube.com/feeds/videos.xml?channel_id=UCYVb99H41VIb3n8U1-cHhvw",
        "status_code": 200,
        "tags": [
            "motivation"
        ],
        "thumbnail": "https://i.ytimg.com/vi/pxBQLFLei70/maxresdefault.jpg",
        "title": "University of Texas at Austin 2014 Commencement Address - Admiral William H. McRaven",
        "vote": 0
    },
    {
        "age": null,
        "album": null,
        "author": null,
        "bookmarked": true,
        "comments": [],
        "date_dead_since": null,
        "date_published": "2014-05-19T08:29:08+00:00",
        "description": "John Minto: GCSB holding doors open while US buddies invade our privacy - NZ Herald",
        "id": 39675,
        "language": "en",
        "link": "https://www.nzherald.co.nz/nz/john-minto-gcsb-holding-doors-open-while-us-buddies-invade-our-privacy/JHCIWLWLUM5DSZRFKSYOAEX4CE/?c_id=1&objectid=11222413",
        "manual_status_code": 0,
        "page_rating": 29,
        "page_rating_contents": 81,
        "page_rating_visits": 0,
        "page_rating_votes": 0,
        "permanent": false,
        "source_url": "https://www.nzherald.co.nz",
        "status_code": 200,
        "tags": [
            "big brother",
            "usa",
            "surveillance",
            "new zealand",
            "edward snowden",
            "privacy"
        ],
        "thumbnail": "https://www.nzherald.co.nz/resizer/v2/2XOXOFTLHT6QDLX76PFMRDTIBY.jpg?auth=92eef841afe42ed89d6197410e33acf1976a25152414be47d732d7951e7cc78f&width=1200&height=675&quality=70&smart=true",
        "title": "John Minto: GCSB holding doors open while US buddies invade our privacy - NZ Herald",
        "vote": 0
    },
    {
        "age": null,
        "album": null,
        "author": null,
        "bookmarked": true,
        "comments": [],
        "date_dead_since": null,
        "date_published": "2014-05-30T00:00:00+00:00",
        "description": "Jim Carrey gave the commencement address to Maharishi International University (MIU)'s class of 2014. \n\nMaharishi International University (MIU) is the new name of Maharishi University of Management (MUM). The new name reflects our diverse student body and growing global presence.\n\nLearn more: https://exploremiu.org/home\n\nFacebook: Maharishi International University / @Maharishi.University\nInstagram: @maharishiu\nTwitter:@maharishiuni\nLinkedIn: Maharishi International University\n\nMIU is the Home of Consciousness-Based Education. Our students and professors share a strong common commitment to personal inner growth, wellness, sustainability, and positive values. We support a progressive and inclusive campus culture that\u2019s creative, dynamic, and focused on making the world a better, more peaceful place. \n\nMIU is a nonprofit accredited university offering undergraduate and graduate programs \u2014 available online and on-campus.",
        "id": 39674,
        "language": "en",
        "link": "https://www.youtube.com/watch?v=V80-gPkpH6M",
        "manual_status_code": 0,
        "page_rating": 30,
        "page_rating_contents": 86,
        "page_rating_visits": 0,
        "page_rating_votes": 0,
        "permanent": false,
        "source_url": "https://www.youtube.com/feeds/videos.xml?channel_id=UCaYvVQcC-Zk8EFtuTVnp_xg",
        "status_code": 200,
        "tags": [
            "motivation"
        ],
        "thumbnail": "https://i.ytimg.com/vi/V80-gPkpH6M/maxresdefault.jpg",
        "title": "Jim Carrey at MIU: Commencement Address at the 2014 Graduation  (EN, FR, ES, RU, GR,...)",
        "vote": 0
    },
    {
        "age": null,
        "album": null,
        "author": null,
        "bookmarked": true,
        "comments": [],
        "date_dead_since": null,
        "date_published": "2014-06-02T11:14:27+00:00",
        "description": "Facebook Could Decide an Election Without Anyone Ever Finding Out",
        "id": 39673,
        "language": "en-US",
        "link": "https://newrepublic.com/article/117878/information-fiduciary-solution-facebook-digital-gerrymandering",
        "manual_status_code": 0,
        "page_rating": 32,
        "page_rating_contents": 91,
        "page_rating_visits": 0,
        "page_rating_votes": 0,
        "permanent": false,
        "source_url": "https://newrepublic.com",
        "status_code": 200,
        "tags": [
            "facebook",
            "privacy",
            "election",
            "corporatocracy"
        ],
        "thumbnail": "https://images.newrepublic.com/1a99a61dcc7faa3e8ae847fcbb66ac0652c3f379.jpeg?w=1200&h=630&crop=faces&fit=crop&fm=jpg",
        "title": "Facebook Could Decide an Election Without Anyone Ever Finding Out",
        "vote": 0
    },
    {
        "age": null,
        "album": null,
        "author": null,
        "bookmarked": true,
        "comments": [],
        "date_dead_since": null,
        "date_published": "2014-06-05T14:55:15+00:00",
        "description": "The 10 Biggest Revelations From Edward Snowden's Leaks | Mashable",
        "id": 39672,
        "language": "en-US",
        "link": "https://mashable.com/archive/edward-snowden-revelations#EX._mWvT8kq3",
        "manual_status_code": 0,
        "page_rating": 32,
        "page_rating_contents": 91,
        "page_rating_visits": 0,
        "page_rating_votes": 0,
        "permanent": false,
        "source_url": "https://mashable.com",
        "status_code": 200,
        "tags": [
            "edward snowden",
            "prism",
            "big brother",
            "surveillance"
        ],
        "thumbnail": "https://helios-i.mashable.com/imagery/archives/02ix2oqXv1Srq3jNgRKhBRE/hero-image.fill.size_1200x675.v1647023959.jpg",
        "title": "The 10 Biggest Revelations From Edward Snowden's Leaks | Mashable",
        "vote": 0
    },
    {
        "age": null,
        "album": null,
        "author": null,
        "bookmarked": true,
        "comments": [],
        "date_dead_since": null,
        "date_published": "2014-06-26T00:27:38+00:00",
        "description": "The Supreme Court on Wednesday unanimously ruled that police may not search the cell phones of criminal suspects upon arrest without a warrant -- a sweeping endorsement for privacy rights.",
        "id": 39671,
        "language": "en-US",
        "link": "http://edition.cnn.com/2014/06/25/justice/supreme-court-cell-phones/index.html?eref=edition",
        "manual_status_code": 0,
        "page_rating": 29,
        "page_rating_contents": 82,
        "page_rating_visits": 0,
        "page_rating_votes": 0,
        "permanent": false,
        "source__id": 59,
        "source_url": "http://rss.cnn.com/rss/edition.rss",
        "status_code": 200,
        "tags": [
            "privacy",
            "freedom",
            "law"
        ],
        "thumbnail": "https://media.cnn.com/api/v1/images/stellar/prod/140625120518-cell-phone-file-0625.jpg?q=x_0,y_226,h_1687,w_2999,c_crop/w_800",
        "title": "U.S rules on cell phone privacy",
        "vote": 0
    },
    {
        "age": null,
        "album": null,
        "author": null,
        "bookmarked": true,
        "comments": [],
        "date_dead_since": null,
        "date_published": "2014-06-29T00:00:00+00:00",
        "description": "Composed by Barry Leitch\n\nRecorded straight from game with Audacity on ASUS Xonar DGX sound card using WinUAE to emulate Amiga Paula OCS (MOS8364, 4 channels 8-bit PCM chip) sound.",
        "id": 39670,
        "language": "en",
        "link": "https://www.youtube.com/watch?v=vETonlaTZ4c",
        "manual_status_code": 0,
        "page_rating": 30,
        "page_rating_contents": 86,
        "page_rating_visits": 0,
        "page_rating_votes": 0,
        "permanent": false,
        "source_url": "https://www.youtube.com/feeds/videos.xml?channel_id=UCfkp6AUuCwbVCyqQiefja9g",
        "status_code": 200,
        "tags": [
            "music",
            "chiptune"
        ],
        "thumbnail": "https://i.ytimg.com/vi/vETonlaTZ4c/sddefault.jpg",
        "title": "Amiga Lotus Turbo Challenge 2 Intro OST High Quality",
        "vote": 0
    },
    {
        "age": null,
        "album": null,
        "author": null,
        "bookmarked": true,
        "comments": [],
        "date_dead_since": null,
        "date_published": "2014-07-03T08:17:49+00:00",
        "description": "Doing Something is Better Than Doing Nothing for Most People, Study Shows | UVA Today",
        "id": 39669,
        "language": "en",
        "link": "https://news.virginia.edu/content/doing-something-better-doing-nothing-most-people-study-shows",
        "manual_status_code": 0,
        "page_rating": 30,
        "page_rating_contents": 86,
        "page_rating_visits": 0,
        "page_rating_votes": 0,
        "permanent": false,
        "source_url": "https://news.virginia.edu",
        "status_code": 200,
        "tags": [
            "digital dementia",
            "addiction"
        ],
        "thumbnail": "https://news.virginia.edu/sites/default/files/article_image/Tim_Wilson_04_MRSS.jpg",
        "title": "Doing Something is Better Than Doing Nothing for Most People, Study Shows | UVA Today",
        "vote": 0
    },
    {
        "age": null,
        "album": null,
        "author": null,
        "bookmarked": true,
        "comments": [],
        "date_dead_since": null,
        "date_published": "2014-07-15T20:36:07+00:00",
        "description": "Congress Is Still Editing Wikipedia a Lot -- Here's How We Know",
        "id": 39668,
        "language": "en",
        "link": "https://gizmodo.com/congress-is-still-editing-wikipedia-a-lot-heres-how-1605295946",
        "manual_status_code": 0,
        "page_rating": 32,
        "page_rating_contents": 91,
        "page_rating_visits": 0,
        "page_rating_votes": 0,
        "permanent": false,
        "source_url": "https://gizmodo.com",
        "status_code": 200,
        "tags": [
            "propaganda",
            "wikipedia"
        ],
        "thumbnail": "https://gizmodo.com/app/uploads/2024/07/gizmodo-social.jpg",
        "title": "Congress Is Still Editing Wikipedia a Lot -- Here's How We Know",
        "vote": 0
    },
    {
        "age": null,
        "album": null,
        "author": null,
        "bookmarked": true,
        "comments": [],
        "date_dead_since": null,
        "date_published": "2014-08-05T20:28:02+00:00",
        "description": "Slavoj \u017di\u017eek on \"They Live\" (The Pervert's Guide to Ideology)",
        "id": 39667,
        "language": "en-EN",
        "link": "https://www.youtube.com/watch?v=TVwKjGbz60k",
        "manual_status_code": 0,
        "page_rating": 29,
        "page_rating_contents": 82,
        "page_rating_visits": 0,
        "page_rating_votes": 0,
        "permanent": false,
        "source_url": "https://www.youtube.com/feeds/videos.xml?channel_id=UC1hU2EG8WLeNvlnDlCY4BwA",
        "status_code": 200,
        "tags": [
            "they live",
            "carpenter",
            "pervert's guide"
        ],
        "thumbnail": "https://i.ytimg.com/vi/TVwKjGbz60k/hqdefault.jpg?sqp=-oaymwEmCOADEOgC8quKqQMa8AEB-AH-BIAC6AKKAgwIABABGF8gXyhfMA8=&rs=AOn4CLAMRTeXV1WX7MnsgJ2qKm7tuRk3Ow",
        "title": "Slavoj \u017di\u017eek on \"They Live\" (The Pervert's Guide to Ideology)",
        "vote": 0
    },
    {
        "age": null,
        "album": "https://news.ycombinator.com",
        "author": "https://news.ycombinator.com",
        "bookmarked": true,
        "comments": [],
        "date_dead_since": null,
        "date_published": "2014-08-13T10:55:48+00:00",
        "description": "For me, the Internet is largely unusable without adblock at the very least. I re... | Hacker News",
        "id": 39666,
        "language": "en",
        "link": "https://news.ycombinator.com/item?id=8172586",
        "manual_status_code": 0,
        "page_rating": 29,
        "page_rating_contents": 81,
        "page_rating_visits": 0,
        "page_rating_votes": 0,
        "permanent": false,
        "source_url": "https://news.ycombinator.com",
        "status_code": 200,
        "tags": [
            "ad business"
        ],
        "thumbnail": null,
        "title": "For me, the Internet is largely unusable without adblock at the very least. I re... | Hacker News",
        "vote": 0
    },
    {
        "age": null,
        "album": "https://www.nytimes.com",
        "author": "https://www.nytimes.com",
        "bookmarked": true,
        "comments": [],
        "date_dead_since": null,
        "date_published": "2014-08-28T06:32:00+00:00",
        "description": "With New Ad Platform, Facebook Opens Gates to Its Vault of User Data (Published 2014)",
        "id": 39665,
        "language": "en",
        "link": "https://www.nytimes.com/2014/09/29/business/with-new-ad-platform-facebook-opens-the-gates-to-its-vault-of-consumer-data.html",
        "manual_status_code": 0,
        "page_rating": 29,
        "page_rating_contents": 80,
        "page_rating_visits": 0,
        "page_rating_votes": 0,
        "permanent": false,
        "source_url": "https://www.nytimes.com",
        "status_code": 403,
        "tags": [
            "facebook",
            "atlas",
            "ad business"
        ],
        "thumbnail": "https://static01.nyt.com/newsgraphics/images/icons/defaultPromoCrop.png?year=2014",
        "title": "With New Ad Platform, Facebook Opens Gates to Its Vault of User Data (Published 2014)",
        "vote": 0
    },
    {
        "age": null,
        "album": null,
        "author": null,
        "bookmarked": true,
        "comments": [],
        "date_dead_since": "2024-09-27T22:11:45.877700+00:00",
        "date_published": "2014-08-30T11:21:17+00:00",
        "description": "The fear of being seen as racist - BBC News",
        "id": 39664,
        "language": "en-GB",
        "link": "https://www.bbc.com/news/magazine-28967427",
        "manual_status_code": 0,
        "page_rating": 0,
        "page_rating_contents": 0,
        "page_rating_visits": 0,
        "page_rating_votes": 80,
        "permanent": false,
        "source_url": "https://www.bbc.com",
        "status_code": 603,
        "tags": [
            "police",
            "racism",
            "immigration"
        ],
        "thumbnail": "https://ichef.bbci.co.uk/news/1024/branded_news/media/images/77256000/jpg/_77256504_624_shh.jpg",
        "title": "The fear of being seen as racist - BBC News",
        "vote": 80
    },
    {
        "age": null,
        "album": "TFiR",
        "author": "TFiR",
        "bookmarked": true,
        "comments": [],
        "date_dead_since": null,
        "date_published": "2014-09-04T00:00:00+00:00",
        "description": "Subscribe to our weekly newsletter: https://www.tfir.io/dnl\r\nBecome a patron of this channel: https://www.patreon.com/TFIR\r\nFollow us on Twitter: https://twitter.com/tfir_io\r\nLike us on Facebook: https://www.facebook.com/TFiRMedia/\r\n\r\n\r\nLinus Torvalds: \u201cI don't respect people unless I think they deserve the respect. There are people who think that respect is something that should be given, and I happen to be one of the people who is perfectly happy saying no respect should be earned. And without being earned, you don't get it. It's really that simple.\u201d",
        "id": 39663,
        "language": "en",
        "link": "https://www.youtube.com/watch?v=JZ017D_JOPY",
        "manual_status_code": 0,
        "page_rating": 30,
        "page_rating_contents": 86,
        "page_rating_visits": 0,
        "page_rating_votes": 0,
        "permanent": false,
        "source_url": "https://www.youtube.com/feeds/videos.xml?channel_id=UCzZEwjZEnPFHlMQYIUaByAw",
        "status_code": 200,
        "tags": [
            "social justice warriors",
            "linus torvalds",
            "hate speech",
            "snowflakes"
        ],
        "thumbnail": "https://i.ytimg.com/vi/JZ017D_JOPY/sddefault.jpg?sqp=-oaymwEmCIAFEOAD8quKqQMa8AEB-AGMBYAC4AOKAgwIABABGHIgRCgrMA8=&rs=AOn4CLCF6b8wux1PTQFu8NqHWY6LXCP06w",
        "title": "Linus Torvalds on his insults: respect should be earned.",
        "vote": 0
    },
    {
        "age": null,
        "album": null,
        "author": null,
        "bookmarked": true,
        "comments": [],
        "date_dead_since": null,
        "date_published": "2014-09-06T19:43:28+00:00",
        "description": "2030: Privacy's Dead. What happens next?",
        "id": 39662,
        "language": "en-US",
        "link": "https://www.youtube.com/watch?v=_kBlH-DQsEg",
        "manual_status_code": 0,
        "page_rating": 30,
        "page_rating_contents": 86,
        "page_rating_visits": 0,
        "page_rating_votes": 0,
        "permanent": false,
        "source__id": 371,
        "source_url": "https://www.youtube.com/feeds/videos.xml?channel_id=UCBa659QWEk1AI4Tg--mrJ2A",
        "status_code": 200,
        "tags": [
            "tracking",
            "privacy"
        ],
        "thumbnail": "https://i.ytimg.com/vi_webp/_kBlH-DQsEg/maxresdefault.webp",
        "title": "2030: Privacy's Dead. What happens next?",
        "vote": 0
    },
    {
        "age": null,
        "album": null,
        "author": null,
        "bookmarked": true,
        "comments": [],
        "date_dead_since": null,
        "date_published": "2014-09-10T11:50:59+00:00",
        "description": "<p>Websites are loading slowly today to show what a future without net neutrality looks like. But perhaps a targeted slowdown is in order </p><p> <a href=\"http://www.theguardian.com/technology/2014/sep/10/internet-slowdown-go-slow-google-youtube-net-neutrality\">Why is my internet slow today?</a></p><p>In a not-so-distant future, American internet service providers like Comcast, Time Warner Cable, AT&amp;T and Verizon could  if the Federal Communications Commissions allows  pick and choose what you can see on the internet and how fast you can see it. In fact, Netflix is <a href=\"http://arstechnica.com/tech-policy/2014/04/netflix-and-verizon-reach-interconnection-deal-to-speed-up-video/\">already paying tolls to Verizon and Comcast</a> to keep them from deliberately slowing down your movie streams, and Tom Wheeler, <a href=\"http://www.theguardian.com/commentisfree/2014/apr/24/fcc-net-neutrality-tom-wheeler-stop-rules\">the former cable and wireless industry lobbyist</a> turned FCC chair, ",
        "id": 39661,
        "language": "en-UK",
        "link": "http://www.theguardian.com/commentisfree/2014/sep/10/internet-slowdown-protest-net-neutrality-fcc-regulators",
        "manual_status_code": 0,
        "page_rating": 29,
        "page_rating_contents": 82,
        "page_rating_visits": 0,
        "page_rating_votes": 0,
        "permanent": false,
        "source__id": 340,
        "source_url": "https://www.theguardian.com/rss",
        "status_code": 200,
        "tags": [
            "big tech",
            "politics",
            "power",
            "net neutrality"
        ],
        "thumbnail": "https://i.guim.co.uk/img/static/sys-images/Guardian/Pix/pictures/2014/9/10/1410349573774/427b0092-8a50-4cf8-b97e-a47a6bc0adad-1020x612.jpeg?width=1200&height=630&quality=85&auto=format&fit=crop&overlay-align=bottom%2Cleft&overlay-width=100p&overlay-base64=L2ltZy9zdGF0aWMvb3ZlcmxheXMvdGctb3BpbmlvbnMtYWdlLTIwMTQucG5n&enable=upscale&s=b0e9616ef9867c2e3b322227cef39b19",
        "title": "The Internet Slowdown protest for net neutrality needs to target regulators",
        "vote": 0
    },
    {
        "age": null,
        "album": null,
        "author": null,
        "bookmarked": true,
        "comments": [],
        "date_dead_since": null,
        "date_published": "2014-10-04T07:28:52+00:00",
        "description": "Why can\u2019t Apple decrypt your iPhone? \u2013 A Few Thoughts on Cryptographic Engineering",
        "id": 39660,
        "language": "en",
        "link": "https://blog.cryptographyengineering.com/2014/10/04/why-cant-apple-decrypt-your-iphone",
        "manual_status_code": 0,
        "page_rating": 30,
        "page_rating_contents": 86,
        "page_rating_visits": 0,
        "page_rating_votes": 0,
        "permanent": false,
        "source_url": "https://blog.cryptographyengineering.com",
        "status_code": 200,
        "tags": [
            "iphone",
            "apple",
            "encryption",
            "privacy"
        ],
        "thumbnail": "https://blog.cryptographyengineering.com/wp-content/uploads/2014/10/apple_computer_logo_rainbow-svg.png?w=273",
        "title": "Why can\u2019t Apple decrypt your iPhone? \u2013 A Few Thoughts on Cryptographic Engineering",
        "vote": 0
    },
    {
        "age": null,
        "album": null,
        "author": null,
        "bookmarked": true,
        "comments": [],
        "date_dead_since": null,
        "date_published": "2014-10-06T07:28:52+00:00",
        "description": "Washington Post's Clueless Editorial On Phone Encryption: No Backdoors, But How About A Magical 'Golden Key'? | Techdirt",
        "id": 39659,
        "language": "en-US",
        "link": "https://www.techdirt.com/2014/10/06/washington-posts-braindead-editorial-phone-encryption-no-backdoors-how-about-magical-golden-key",
        "manual_status_code": 0,
        "page_rating": 30,
        "page_rating_contents": 86,
        "page_rating_visits": 0,
        "page_rating_votes": 0,
        "permanent": false,
        "source_url": "https://www.techdirt.com",
        "status_code": 200,
        "tags": [
            "surveillance",
            "crypto wars",
            "encryption",
            "privacy"
        ],
        "thumbnail": "https://www.techdirt.com/wp-content/themes/techdirt/assets/images/td-rect-logo-white.png",
        "title": "Washington Post's Clueless Editorial On Phone Encryption: No Backdoors, But How About A Magical 'Golden Key'? | Techdirt",
        "vote": 0
    },
    {
        "age": null,
        "album": null,
        "author": null,
        "bookmarked": true,
        "comments": [],
        "date_dead_since": null,
        "date_published": "2014-10-09T07:34:15+00:00",
        "description": "Crypto wars redux: why the FBI's desire to unlock your private life must be resisted | Cory Doctorow | The Guardian",
        "id": 39658,
        "language": "en",
        "link": "https://www.theguardian.com/technology/2014/oct/09/crypto-wars-redux-why-the-fbis-desire-to-unlock-your-private-life-must-be-resisted",
        "manual_status_code": 0,
        "page_rating": 30,
        "page_rating_contents": 86,
        "page_rating_visits": 0,
        "page_rating_votes": 0,
        "permanent": false,
        "source_url": "https://www.theguardian.com",
        "status_code": 200,
        "tags": [
            "crypto wars",
            "encryption",
            "big brother",
            "surveillance",
            "privacy"
        ],
        "thumbnail": "https://i.guim.co.uk/img/static/sys-images/Guardian/Pix/pictures/2014/10/9/1412868810781/edb65011-5ae2-4700-baa4-48af51746c5c-2060x1236.jpeg?width=1200&height=630&quality=85&auto=format&fit=crop&overlay-align=bottom%2Cleft&overlay-width=100p&overlay-base64=L2ltZy9zdGF0aWMvb3ZlcmxheXMvdGctb3BpbmlvbnMtYWdlLTIwMTQucG5n&enable=upscale&s=74d7dde0529c98de275303ac760f4044",
        "title": "Crypto wars redux: why the FBI's desire to unlock your private life must be resisted | Cory Doctorow | The Guardian",
        "vote": 0
    },
    {
        "age": null,
        "album": null,
        "author": null,
        "bookmarked": true,
        "comments": [],
        "date_dead_since": null,
        "date_published": "2014-10-10T00:00:00+00:00",
        "description": "Subscribe to TRAILERS: http://bit.ly/sxaw6h\nSubscribe to COMING SOON: http://bit.ly/H2vZUn\nSubscribe to INDIE & FILM FESTIVALS: http://bit.ly/1wbkfYg\nLike us on FACEBOOK: http://goo.gl/dHs73\nFollow us on TWITTER: http://bit.ly/1ghOWmt\nCitizenfour Official Trailer 1 (2014) - Edward Snowden Documentary HD\n\nCITIZENFOUR is the never before seen, utterly riveting first-person look at how director Laura Poitras and journalist Glenn Greenwald first met with whistleblower Edward Snowden in Hong Kong where he gave them documents showing widespread abuses of power by the National Security Administration.  It is an unprecedented fly-on-the-wall account of one of the most groundbreaking moments in recent history.\n\nIn January 2013, Poitras (recipient of the 2012 MacArthur Genius Fellowship and co-recipient of the 2014 Pulitzer Prize for Public Service) was several years into making a film about surveillance in the post-9/11 era when she started receiving encrypted e-mails from someone identifying ",
        "id": 39657,
        "language": "en-EN",
        "link": "https://www.youtube.com/watch?v=XiGwAvd5mvM",
        "manual_status_code": 0,
        "page_rating": 30,
        "page_rating_contents": 86,
        "page_rating_visits": 0,
        "page_rating_votes": 0,
        "permanent": false,
        "source_url": "https://www.youtube.com/feeds/videos.xml?channel_id=UCLyYEq4ODlw3OD9qhGqwimw",
        "status_code": 200,
        "tags": [
            "surveillance",
            "privacy",
            "big brother",
            "edward snowden",
            "citizenfour"
        ],
        "thumbnail": "https://i.ytimg.com/vi_webp/XiGwAvd5mvM/maxresdefault.webp",
        "title": "Citizenfour Official Trailer 1 (2014) - Edward Snowden Documentary HD",
        "vote": 0
    },
    {
        "age": null,
        "album": "https://remix.aljazeera.com",
        "author": "https://remix.aljazeera.com",
        "bookmarked": true,
        "comments": [],
        "date_dead_since": null,
        "date_published": "2014-10-13T11:08:20+00:00",
        "description": "Maps of Palestine - PalestineRemix",
        "id": 39656,
        "language": "en-GB",
        "link": "https://remix.aljazeera.com/aje/PalestineRemix/maps_main.html",
        "manual_status_code": 0,
        "page_rating": 30,
        "page_rating_contents": 86,
        "page_rating_visits": 0,
        "page_rating_votes": 0,
        "permanent": false,
        "source_url": "https://remix.aljazeera.com",
        "status_code": 200,
        "tags": [
            "israel",
            "palestine"
        ],
        "thumbnail": "https://remix.aljazeera.com/aje/PalestineRemix/images/maps.jpg",
        "title": "Maps of Palestine - PalestineRemix",
        "vote": 0
    },
    {
        "age": null,
        "album": null,
        "author": null,
        "bookmarked": true,
        "comments": [],
        "date_dead_since": null,
        "date_published": "2014-10-15T00:00:00+00:00",
        "description": "If you're like most people, you're surrounded by advertisements, commercials, social media and more every day of your life. And much of it is one form of propaganda or another -- but how can you tell? What are the common techniques propagandists use to sell you everything from a soda to a war?\n\nSUBSCRIBE  |  http://bit.ly/stdwytk-sub\nWEBSITE  |  http://bit.ly/stdwytk-home\nAUDIO PODCAST  |  http://bit.ly/stdwytk-audio-itunes\nTWITTER  |  http://bit.ly/stdwytk-twitter\nFACEBOOK  |  http://bit.ly/stdwytk-fb\nEMAIL  |  Conspiracy@HowStuffWorks.com\nSTORE  |  http://stufftheydontwantyoutoknow.spreadshirt.com\n\nHere are the facts. \n\nJoin Ben and Matt to learn the Stuff They Don't Want You To Know about everything from ancient history to UFOs, government secrets, and the future of civilization.\n\nHere's where it gets crazy.\n\nWe appreciate your time and aim to expand your mind.\nThank you for joining us.\n\nHowStuffWorks.com  |  http://bit.ly/stdwytk-hsw-home\nStuff You Should Know  |  http://bit.ly/st",
        "id": 39655,
        "language": "en-US",
        "link": "https://www.youtube.com/watch?v=q8R9MDt4jEc",
        "manual_status_code": 0,
        "page_rating": 30,
        "page_rating_contents": 86,
        "page_rating_visits": 0,
        "page_rating_votes": 0,
        "permanent": false,
        "source_url": "https://www.youtube.com/feeds/videos.xml?channel_id=UCrrOic-og4HzhleZqOq4L-A",
        "status_code": 200,
        "tags": [
            "propaganda",
            "big brother",
            "social engineering"
        ],
        "thumbnail": "https://i.ytimg.com/vi_webp/q8R9MDt4jEc/maxresdefault.webp",
        "title": "7 Propaganda Techniques Used on You Every Day",
        "vote": 0
    },
    {
        "age": null,
        "album": null,
        "author": null,
        "bookmarked": true,
        "comments": [],
        "date_dead_since": null,
        "date_published": "2014-10-16T14:00:04+00:00",
        "description": "Laura Poitrass film shows the first extensive interviews with Edward Snowden after he blew the whistle on NSA and government intrusion<p>This documentary is about that very&nbsp;remarkable man, the former NSA&nbsp;intelligence analyst and whistleblower Edward Snowden, shown here&nbsp;speaking out personally for&nbsp;the first time about all the staggering things governments are doing to our&nbsp;privacy.</p><p>Fundamentally, privacy is being abolished  not eroded, not diminished, not encroached upon, but&nbsp;abolished. And being constructed in its place is a colossal digital new Stasi, driven by a creepy intoxication with what is now technically possible,&nbsp;combined with politicians age-old infatuation with bullying, snooping and creating mountains of&nbsp;bureaucratic&nbsp;prestige for themselves&nbsp;at&nbsp;the expense of the snooped-upon taxpayer.</p> <a href=\"http://www.theguardian.com/film/2014/oct/16/citizen-four-review-edward-snowden-documentary\">Continue reading...</a>",
        "id": 39654,
        "language": "en-UK",
        "link": "http://www.theguardian.com/film/2014/oct/16/citizen-four-review-edward-snowden-documentary",
        "manual_status_code": 0,
        "page_rating": 29,
        "page_rating_contents": 82,
        "page_rating_visits": 0,
        "page_rating_votes": 0,
        "permanent": false,
        "source__id": 340,
        "source_url": "https://www.theguardian.com/rss",
        "status_code": 200,
        "tags": [
            "big brother",
            "surveillance",
            "citizenfour"
        ],
        "thumbnail": "https://i.guim.co.uk/img/static/sys-images/Guardian/Pix/pictures/2014/10/15/1413390183139/AWARD-WINNER-008.jpg?width=1200&height=630&quality=85&auto=format&fit=crop&overlay-align=bottom%2Cleft&overlay-width=100p&overlay-base64=L2ltZy9zdGF0aWMvb3ZlcmxheXMvdGctYWdlLTIwMTQucG5n&enable=upscale&s=ec484d3cfd34969e6e93e74c9b678fc6",
        "title": "Citizenfour review  gripping Snowden documentary offers portrait of power, paranoia and one remarkable man",
        "vote": 0
    },
    {
        "age": null,
        "album": null,
        "author": null,
        "bookmarked": true,
        "comments": [],
        "date_dead_since": null,
        "date_published": "2014-10-17T07:32:51+00:00",
        "description": "The FBI Director\u2019s Evidence Against Encryption Is Pathetic",
        "id": 39653,
        "language": "en",
        "link": "https://theintercept.com/2014/10/17/draft-two-cases-cited-fbi-dude-dumb-dumb",
        "manual_status_code": 0,
        "page_rating": 32,
        "page_rating_contents": 91,
        "page_rating_visits": 0,
        "page_rating_votes": 0,
        "permanent": false,
        "source_url": "https://theintercept.com",
        "status_code": 200,
        "tags": [
            "crypto wars",
            "encryption",
            "fbi",
            "big brother",
            "surveillance"
        ],
        "thumbnail": "https://theintercept.com/wp-content/uploads/2014/10/455730724.jpg?fit=600%2C400&w=1200&h=800",
        "title": "The FBI Director\u2019s Evidence Against Encryption Is Pathetic",
        "vote": 0
    },
    {
        "age": null,
        "album": null,
        "author": null,
        "bookmarked": true,
        "comments": [],
        "date_dead_since": null,
        "date_published": "2014-10-17T09:06:52+00:00",
        "description": "Microsoft says NSA spying hit trust in the cloud - iHLS",
        "id": 39652,
        "language": "en",
        "link": "https://i-hls.com/archives/40964",
        "manual_status_code": 0,
        "page_rating": 84,
        "page_rating_contents": 91,
        "page_rating_visits": 0,
        "page_rating_votes": 80,
        "permanent": false,
        "source_url": "https://i-hls.com",
        "status_code": 200,
        "tags": [
            "crypto wars",
            "nsa",
            "technofeudalism",
            "cloud computing",
            "surveillance",
            "microsoft",
            "dark design"
        ],
        "thumbnail": "https://i-hls.com/wp-content/uploads/2014/10/nsa-economic-impact.jpg",
        "title": "Microsoft says NSA spying hit trust in the cloud - iHLS",
        "vote": 80
    },
    {
        "age": null,
        "album": null,
        "author": null,
        "bookmarked": true,
        "comments": [],
        "date_dead_since": null,
        "date_published": "2014-10-18T14:48:23+00:00",
        "description": "White House to Cut Funding for Risky Biological Study - The New York Times",
        "id": 39651,
        "language": "en",
        "link": "https://www.nytimes.com/2014/10/18/us/white-house-to-cut-funding-for-risky-biological-study.html",
        "manual_status_code": 0,
        "page_rating": 29,
        "page_rating_contents": 80,
        "page_rating_visits": 0,
        "page_rating_votes": 0,
        "permanent": false,
        "source_url": "https://www.nytimes.com",
        "status_code": 403,
        "tags": [
            "covid",
            "sars"
        ],
        "thumbnail": "https://static01.nyt.com/newsgraphics/images/icons/defaultPromoCrop.png?year=2014",
        "title": "White House to Cut Funding for Risky Biological Study - The New York Times",
        "vote": 0
    },
    {
        "age": null,
        "album": null,
        "author": null,
        "bookmarked": true,
        "comments": [],
        "date_dead_since": null,
        "date_published": "2014-10-20T00:00:00+00:00",
        "description": "Historical facts and Comparisons: How many times Muslims invaded Europe vs. Europeans invaded Muslim countries.\nIslamics Launched their Crusades in 630 A.D. Western Crusades started in 1095 A.D. to Stop Muslim Invasion. Crusades were a defensive action against the forcible expansion of Islam into territories that had been part of Christendom for centuries. \nThe Crusades were started by the Muslims in the year 630 A.D. when Muhammad invaded and conquered Mecca. Later on, Muslims invaded Syria, Iraq, Jerusalem, Iran, Egypt, Africa, Spain, Italy, France, etc. The Western Crusades started around 1095 to try to stop the Islamic aggressive invasions. Islamic Crusades continued even after the Western Crusade. Islam has killed about 270 million people: 120 million Africans*, 60 million Christians, 80 million Hindus, 10 million Buddhists, etc.\nhttp://factreal.wordpress.com/2010/02/12/muslim-crusades-started-four-centuries-before-the-western-crusades/\n\nThank you Jelena for video!!!!!",
        "id": 39650,
        "language": "en",
        "link": "https://www.youtube.com/watch?v=c7y2LRcf4kc",
        "manual_status_code": 0,
        "page_rating": 30,
        "page_rating_contents": 86,
        "page_rating_visits": 0,
        "page_rating_votes": 0,
        "permanent": false,
        "source_url": "https://www.youtube.com/feeds/videos.xml?channel_id=UC5uCFosjtWV6nr0iP8wlzTQ",
        "status_code": 200,
        "tags": [
            "catholic",
            "religion",
            "crusades"
        ],
        "thumbnail": "https://i.ytimg.com/vi/c7y2LRcf4kc/maxresdefault.jpg",
        "title": "How many times Muslims invaded Europe vs. Europeans invaded Muslim countries?",
        "vote": 0
    },
    {
        "age": null,
        "album": null,
        "author": null,
        "bookmarked": true,
        "comments": [],
        "date_dead_since": "2024-09-27T21:22:13.839900+00:00",
        "date_published": "2014-10-20T07:21:36+00:00",
        "description": "White House halts funding on risky flu studies | Reuters",
        "id": 39649,
        "language": "en",
        "link": "https://www.reuters.com/article/us-biosafety-research-usa-idUSKCN0I91ZD20141020",
        "manual_status_code": 0,
        "page_rating": 3,
        "page_rating_contents": 0,
        "page_rating_visits": 2,
        "page_rating_votes": 0,
        "permanent": false,
        "source_url": "https://www.reuters.com",
        "status_code": 600,
        "tags": [
            "sars",
            "covid"
        ],
        "thumbnail": "https://www.reuters.com/pf/resources/images/reuters/reuters-default.webp?d=186",
        "title": "White House halts funding on risky flu studies | Reuters",
        "vote": 0
    },
    {
        "age": null,
        "album": null,
        "author": null,
        "bookmarked": true,
        "comments": [],
        "date_dead_since": null,
        "date_published": "2014-10-26T20:33:30+00:00",
        "description": "How strong is the link between faith and terrorism?",
        "id": 39648,
        "language": "en-US",
        "link": "http://edition.cnn.com/2014/10/26/opinion/aslan-islam-doesnt-cause-terrorism/index.html?eref=edition",
        "manual_status_code": 0,
        "page_rating": 29,
        "page_rating_contents": 82,
        "page_rating_visits": 0,
        "page_rating_votes": 0,
        "permanent": false,
        "source__id": 59,
        "source_url": "http://rss.cnn.com/rss/edition.rss",
        "status_code": 200,
        "tags": [
            "terrorism",
            "islam",
            "religion"
        ],
        "thumbnail": "https://media.cnn.com/api/v1/images/stellar/prod/141025111711-natpkg-ottawa-guards-return-00010328.jpg?q=x_0,y_0,h_720,w_1280,c_fill/w_800",
        "title": "How strong is the link between faith and terrorism?",
        "vote": 0
    },
    {
        "age": null,
        "album": null,
        "author": null,
        "bookmarked": true,
        "comments": [],
        "date_dead_since": null,
        "date_published": "2014-10-30T19:52:34+00:00",
        "description": "5 facts about evolution and religion",
        "id": 39647,
        "language": "en-US",
        "link": "https://www.pewresearch.org/fact-tank/2014/10/30/5-facts-about-evolution-and-religion",
        "manual_status_code": 0,
        "page_rating": 30,
        "page_rating_contents": 86,
        "page_rating_visits": 0,
        "page_rating_votes": 0,
        "permanent": false,
        "source_url": "https://www.pewresearch.org",
        "status_code": 200,
        "tags": [
            "evolution",
            "religion"
        ],
        "thumbnail": "https://www.pewresearch.org/wp-content/uploads/sites/20/2014/10/FT_14.10.29_evolution-promo-jpg.webp?w=640&h=320&crop=1",
        "title": "5 facts about evolution and religion",
        "vote": 0
    },
    {
        "age": null,
        "album": null,
        "author": null,
        "bookmarked": true,
        "comments": [],
        "date_dead_since": null,
        "date_published": "2014-11-03T07:17:11+00:00",
        "description": "Verizon Injecting Perma-Cookies to Track Mobile Customers, Bypassing Privacy Controls | Electronic Frontier Foundation",
        "id": 39646,
        "language": "en",
        "link": "https://www.eff.org/deeplinks/2014/11/verizon-x-uidh",
        "manual_status_code": 0,
        "page_rating": 30,
        "page_rating_contents": 86,
        "page_rating_visits": 0,
        "page_rating_votes": 0,
        "permanent": false,
        "source_url": "https://www.eff.org",
        "status_code": 200,
        "tags": [
            "surveillance",
            "corporatocracy",
            "privacy",
            "verizon"
        ],
        "thumbnail": "https://www.eff.org/files/banner_library/secret-identity-2_0.png",
        "title": "Verizon Injecting Perma-Cookies to Track Mobile Customers, Bypassing Privacy Controls | Electronic Frontier Foundation",
        "vote": 0
    },
    {
        "age": null,
        "album": null,
        "author": null,
        "bookmarked": true,
        "comments": [],
        "date_dead_since": null,
        "date_published": "2014-11-10T14:48:05+00:00",
        "description": "In 1999, Google came up with \"ten things we know to be true\" -- Andrew Keen suggests some tweaks.",
        "id": 39645,
        "language": "en-US",
        "link": "http://edition.cnn.com/2014/11/10/opinion/google-new-mission-statement/index.html?eref=edition",
        "manual_status_code": 0,
        "page_rating": 29,
        "page_rating_contents": 82,
        "page_rating_visits": 0,
        "page_rating_votes": 0,
        "permanent": false,
        "source__id": 59,
        "source_url": "http://rss.cnn.com/rss/edition.rss",
        "status_code": 200,
        "tags": [
            "google",
            "corporatocracy",
            "big tech"
        ],
        "thumbnail": "https://media.cnn.com/api/v1/images/stellar/prod/140924172235-larry-page-google-ceo.jpg?q=x_0,y_159,h_1687,w_2999,c_crop/w_800",
        "title": "Can Google be trusted?",
        "vote": 0
    },
    {
        "age": null,
        "album": null,
        "author": null,
        "bookmarked": true,
        "comments": [],
        "date_dead_since": "2024-04-23T01:07:35.694615+00:00",
        "date_published": "2014-11-27T00:00:00+00:00",
        "description": "Who Are The \u201cGypsies?\u201d  http://testu.be/1KNyIpB \n\u00bb Subscribe to NowThis World: http://go.nowth.is/World_Subscribe\n\nThe UN is scrutinizing Israel for approving the demolition of a Bedouin village, claiming human rights abuses. So who are the Bedouins and what is their story?\n\nLearn More:\nVillage of Bedouins Faces Eviction as Israel Envisions a Village of Jews\nhttp://www.nytimes.com/2015/05/17/world/middleeast/village-of-bedouins-faces-eviction-as-israel-envisions-a-village-of-jews.html?_r=0 \n\"Salim al-Qian settled back on his white faux leather couch strewn with pink cushions and took a sip of tea, clearly comfortable in his tiny home in this ramshackle hamlet in the dusty hills of southern Israel.\"\n\nBedouins in the State of Israel\nhttp://www.knesset.gov.il/lexicon/eng/bedouim_eng.htm \n\"Bedouins are a subgroup within the Arab minority in the State of Israel, with cultural, historical, social and political uniqueness.\"\n\nBedouin Culture\nhttp://www.bedawi.com/Tribes_EN.html \n\"The term 'Be",
        "id": 39644,
        "language": "en",
        "link": "https://www.youtube.com/watch?v=4hJ0lsQvLiQ",
        "manual_status_code": 0,
        "page_rating": 3,
        "page_rating_contents": 0,
        "page_rating_visits": 0,
        "page_rating_votes": 0,
        "permanent": false,
        "source_url": "https://www.youtube.com/feeds/videos.xml?channel_id=UCgRvm1yLFoaQKhmaTqXk9SA",
        "status_code": 500,
        "tags": [
            "islam",
            "religion"
        ],
        "thumbnail": "https://i.ytimg.com/vi_webp/4hJ0lsQvLiQ/maxresdefault.webp",
        "title": "Is Islam A Dangerous Religion?",
        "vote": 0
    },
    {
        "age": null,
        "album": null,
        "author": null,
        "bookmarked": true,
        "comments": [],
        "date_dead_since": null,
        "date_published": "2014-12-08T07:25:37+00:00",
        "description": "Gain-of-function experiments: time for a real debate - PMC",
        "id": 39643,
        "language": "en",
        "link": "https://www.ncbi.nlm.nih.gov/pmc/articles/PMC7097416",
        "manual_status_code": 0,
        "page_rating": 29,
        "page_rating_contents": 80,
        "page_rating_visits": 0,
        "page_rating_votes": 0,
        "permanent": false,
        "source_url": "https://www.ncbi.nlm.nih.gov",
        "status_code": 200,
        "tags": [
            "sars",
            "covid"
        ],
        "thumbnail": "https://www.ncbi.nlm.nih.gov/corehtml/pmc/pmcgifs/pmc-card-share.jpg?_=0",
        "title": "Gain-of-function experiments: time for a real debate - PMC",
        "vote": 0
    },
    {
        "age": null,
        "album": null,
        "author": null,
        "bookmarked": true,
        "comments": [],
        "date_dead_since": null,
        "date_published": "2014-12-08T14:03:00+00:00",
        "description": "<p>Report by Nils Mui\u017enieks, commissioner for human rights at the Council of Europe, says \u2018secret, massive and indiscriminate\u2019 intelligence work is contrary to rule of law</p> <a href=\"http://www.theguardian.com/world/2014/dec/08/mass-surveillance-exposed-edward-snowden-not-justified-by-fight-against-terrorism\">Continue reading...</a>",
        "id": 39642,
        "language": "en-UK",
        "link": "http://www.theguardian.com/world/2014/dec/08/mass-surveillance-exposed-edward-snowden-not-justified-by-fight-against-terrorism",
        "manual_status_code": 0,
        "page_rating": 29,
        "page_rating_contents": 82,
        "page_rating_visits": 0,
        "page_rating_votes": 0,
        "permanent": false,
        "source__id": 340,
        "source_url": "https://www.theguardian.com/rss",
        "status_code": 200,
        "tags": [
            "surveillance"
        ],
        "thumbnail": "https://i.guim.co.uk/img/static/sys-images/Guardian/Pix/pictures/2014/12/8/1418047140649/Edward-Snowden-Council-of-012.jpg?width=1200&height=630&quality=85&auto=format&fit=crop&overlay-align=bottom%2Cleft&overlay-width=100p&overlay-base64=L2ltZy9zdGF0aWMvb3ZlcmxheXMvdGctYWdlLTIwMTQucG5n&enable=upscale&s=d3dfd89bcc7d316a8192b9ff39911c6e",
        "title": "Mass surveillance exposed by Snowden \u2018not justified by fight against terrorism\u2019",
        "vote": 0
    },
    {
        "age": null,
        "album": "https://gizmodo.com",
        "author": "https://gizmodo.com",
        "bookmarked": true,
        "comments": [],
        "date_dead_since": null,
        "date_published": "2014-12-11T15:34:05+00:00",
        "description": "How Greenpeace Wrecked One of the Most Sacred Places in the Americas",
        "id": 39641,
        "language": "en",
        "link": "https://gizmodo.com/how-greenpeace-wrecked-one-of-the-most-sacred-places-in-1669873583",
        "manual_status_code": 0,
        "page_rating": 32,
        "page_rating_contents": 91,
        "page_rating_visits": 0,
        "page_rating_votes": 0,
        "permanent": false,
        "source_url": "https://gizmodo.com",
        "status_code": 200,
        "tags": [
            "activism"
        ],
        "thumbnail": "https://gizmodo.com/app/uploads/2024/07/gizmodo-social.jpg",
        "title": "How Greenpeace Wrecked One of the Most Sacred Places in the Americas",
        "vote": 0
    },
    {
        "age": null,
        "album": null,
        "author": null,
        "bookmarked": true,
        "comments": [],
        "date_dead_since": null,
        "date_published": "2014-12-30T15:08:38+00:00",
        "description": "Hacker fakes German minister's fingerprints using photos of her hands | Hacking | The Guardian",
        "id": 39640,
        "language": "en",
        "link": "https://www.theguardian.com/technology/2014/dec/30/hacker-fakes-german-ministers-fingerprints-using-photos-of-her-hands",
        "manual_status_code": 0,
        "page_rating": 30,
        "page_rating_contents": 86,
        "page_rating_visits": 0,
        "page_rating_votes": 0,
        "permanent": false,
        "source_url": "https://www.theguardian.com",
        "status_code": 200,
        "tags": [
            "biometric",
            "hackers"
        ],
        "thumbnail": "https://i.guim.co.uk/img/static/sys-images/Guardian/Pix/pictures/2014/12/30/1419938870506/f898598d-01dd-411d-bdea-894f152b37c3-2060x1236.jpeg?width=1200&height=630&quality=85&auto=format&fit=crop&overlay-align=bottom%2Cleft&overlay-width=100p&overlay-base64=L2ltZy9zdGF0aWMvb3ZlcmxheXMvdGctYWdlLTIwMTQucG5n&enable=upscale&s=f701563b2043d4ff5bcf8483a664cdf9",
        "title": "Hacker fakes German minister's fingerprints using photos of her hands | Hacking | The Guardian",
        "vote": 0
    },
    {
        "age": null,
        "album": null,
        "author": null,
        "bookmarked": true,
        "comments": [],
        "date_dead_since": null,
        "date_published": "2015-01-01T00:00:00+00:00",
        "description": "From Mathematics to Generic Programming",
        "id": 91173,
        "language": "en",
        "link": "https://fm2gp.com",
        "manual_status_code": 0,
        "page_rating": 41,
        "page_rating_contents": 100,
        "page_rating_visits": 0,
        "page_rating_votes": 10,
        "permanent": true,
        "source_url": "",
        "status_code": 200,
        "tags": [
            "book"
        ],
        "thumbnail": null,
        "title": "From Mathematics to Generic Programming",
        "vote": 10
    }
]