[
    {
        "age": null,
        "album": null,
        "author": null,
        "bookmarked": true,
        "comments": [],
        "date_dead_since": null,
        "date_published": "1999-02-25T07:45:33+00:00",
        "description": "Only real men have fabs \u2022 The Register",
        "id": 40570,
        "language": "en",
        "link": "https://www.theregister.com/1999/02/25/only_real_men_have_fabs",
        "manual_status_code": 0,
        "page_rating": 30,
        "page_rating_contents": 85,
        "page_rating_visits": 0,
        "page_rating_votes": 0,
        "permanent": false,
        "source_url": "https://www.theregister.com",
        "status_code": 200,
        "tags": [
            "hardware",
            "tsmc",
            "processor"
        ],
        "thumbnail": null,
        "title": "Only real men have fabs \u2022 The Register",
        "vote": 0
    },
    {
        "age": null,
        "album": null,
        "author": null,
        "bookmarked": true,
        "comments": [],
        "date_dead_since": null,
        "date_published": "1999-09-03T15:05:50+00:00",
        "description": "Sci/Tech  Windows 'back door' security alert",
        "id": 40569,
        "language": "en-UK",
        "link": "http://news.bbc.co.uk/2/hi/sci/tech/437967.stm",
        "manual_status_code": 0,
        "page_rating": 24,
        "page_rating_contents": 66,
        "page_rating_visits": 1,
        "page_rating_votes": 0,
        "permanent": false,
        "source_url": "http://news.bbc.co.uk",
        "status_code": 200,
        "tags": [
            "surveillance",
            "windows",
            "nsa",
            "microsoft",
            "backdoor"
        ],
        "thumbnail": null,
        "title": "Sci/Tech  Windows 'back door' security alert",
        "vote": 0
    },
    {
        "age": null,
        "album": "https://www.nationalreview.com",
        "author": "https://www.nationalreview.com",
        "bookmarked": true,
        "comments": [],
        "date_dead_since": null,
        "date_published": "1999-09-04T13:46:04+00:00",
        "description": "The Mystery of Russia\u2019s 1999 Apartment Bombings Lingers \u2014 the CIA Could Clear It Up | National Review",
        "id": 40568,
        "language": "en-US",
        "link": "https://www.nationalreview.com/2017/02/russia-apartment-bombings-september-1999-vladimir-putin-fsb-cia",
        "manual_status_code": 0,
        "page_rating": 43,
        "page_rating_contents": 86,
        "page_rating_visits": 0,
        "page_rating_votes": 20,
        "permanent": false,
        "source_url": "https://www.nationalreview.com",
        "status_code": 200,
        "tags": [
            "conspiracy theory",
            "cia",
            "chechnya",
            "wladimir putin"
        ],
        "thumbnail": "https://i0.wp.com/www.nationalreview.com/wp-content/uploads/2017/02/cia-russias-1999-apartment-bombings-if-putin-was-responsible-it-could-well-know-r-1.jpg?resize=300%2C300&ssl=1",
        "title": "The Mystery of Russia\u2019s 1999 Apartment Bombings Lingers \u2014 the CIA Could Clear It Up | National Review",
        "vote": 20
    },
    {
        "age": null,
        "album": "https://en.wikipedia.org",
        "author": "https://en.wikipedia.org",
        "bookmarked": true,
        "comments": [],
        "date_dead_since": null,
        "date_published": "1999-09-04T13:47:41+00:00",
        "description": "1999 Russian apartment bombings - Wikipedia",
        "id": 40567,
        "language": "en",
        "link": "https://en.wikipedia.org/wiki/1999_Russian_apartment_bombings#Sealing_information_by_the_US_government",
        "manual_status_code": 0,
        "page_rating": 29,
        "page_rating_contents": 82,
        "page_rating_visits": 0,
        "page_rating_votes": 0,
        "permanent": false,
        "source_url": "https://en.wikipedia.org",
        "status_code": 200,
        "tags": [
            "conspiracy theory",
            "cia",
            "chechnya",
            "wladimir putin"
        ],
        "thumbnail": "https://upload.wikimedia.org/wikipedia/en/d/d8/Apartment_bombing.jpg",
        "title": "1999 Russian apartment bombings - Wikipedia",
        "vote": 0
    },
    {
        "age": null,
        "album": null,
        "author": null,
        "bookmarked": true,
        "comments": [],
        "date_dead_since": null,
        "date_published": "1999-09-04T15:03:48+00:00",
        "description": "A Mysterious Component Roils Microsoft",
        "id": 40566,
        "language": "en-US",
        "link": "https://archive.nytimes.com/www.nytimes.com/library/tech/99/09/biztech/articles/04soft.html",
        "manual_status_code": 0,
        "page_rating": 29,
        "page_rating_contents": 80,
        "page_rating_visits": 1,
        "page_rating_votes": 0,
        "permanent": false,
        "source_url": "https://archive.nytimes.com",
        "status_code": 200,
        "tags": [
            "surveillance",
            "windows",
            "nsa",
            "microsoft",
            "backdoor"
        ],
        "thumbnail": null,
        "title": "A Mysterious Component Roils Microsoft",
        "vote": 0
    },
    {
        "age": null,
        "album": null,
        "author": null,
        "bookmarked": true,
        "comments": [],
        "date_dead_since": null,
        "date_published": "1999-09-08T19:26:27+00:00",
        "description": "Why I wrote PGP by Philip Zimmermann",
        "id": 40565,
        "language": "en",
        "link": "https://www.philzimmermann.com/EN/essays/WhyIWrotePGP.html",
        "manual_status_code": 0,
        "page_rating": 16,
        "page_rating_contents": 40,
        "page_rating_visits": 0,
        "page_rating_votes": 0,
        "permanent": false,
        "source_url": "www.philzimmermann.com",
        "status_code": 200,
        "tags": [
            "privacy",
            "anonymity"
        ],
        "thumbnail": null,
        "title": "Why I wrote PGP",
        "vote": 0
    },
    {
        "age": null,
        "album": null,
        "author": null,
        "bookmarked": true,
        "comments": [],
        "date_dead_since": null,
        "date_published": "1999-11-05T12:10:10+00:00",
        "description": "How MS played the incompatibility card against DR-DOS \u2022 The Register",
        "id": 40564,
        "language": "en",
        "link": "https://www.theregister.com/1999/11/05/how_ms_played_the_incompatibility",
        "manual_status_code": 0,
        "page_rating": 30,
        "page_rating_contents": 85,
        "page_rating_visits": 0,
        "page_rating_votes": 0,
        "permanent": false,
        "source_url": "https://www.theregister.com",
        "status_code": 200,
        "tags": [
            "dark design",
            "microsoft",
            "dr-dos"
        ],
        "thumbnail": null,
        "title": "How MS played the incompatibility card against DR-DOS \u2022 The Register",
        "vote": 0
    },
    {
        "age": null,
        "album": null,
        "author": null,
        "bookmarked": true,
        "comments": [],
        "date_dead_since": null,
        "date_published": "1999-12-28T18:10:17+00:00",
        "description": "Robert Bilott - example to look up to",
        "id": 40563,
        "language": "en",
        "link": "https://en.m.wikipedia.org/wiki/Robert_Bilott",
        "manual_status_code": 0,
        "page_rating": 27,
        "page_rating_contents": 76,
        "page_rating_visits": 0,
        "page_rating_votes": 0,
        "permanent": false,
        "source_url": "https://en.m.wikipedia.org",
        "status_code": 200,
        "tags": [
            "robert billot",
            "example",
            "pollution"
        ],
        "thumbnail": "https://upload.wikimedia.org/wikipedia/commons/a/a0/Robert_Bilott.jpg",
        "title": "Robert Bilott - example to look up to",
        "vote": 0
    },
    {
        "age": null,
        "album": null,
        "author": null,
        "bookmarked": true,
        "comments": [],
        "date_dead_since": null,
        "date_published": "1999-12-28T18:15:08+00:00",
        "description": "DuPoint",
        "id": 40562,
        "language": "en",
        "link": "https://en.m.wikipedia.org/wiki/DuPont",
        "manual_status_code": 0,
        "page_rating": 27,
        "page_rating_contents": 75,
        "page_rating_visits": 0,
        "page_rating_votes": 0,
        "permanent": false,
        "source_url": "https://en.m.wikipedia.org",
        "status_code": 200,
        "tags": [
            "climate change",
            "pollution",
            "dupoint"
        ],
        "thumbnail": null,
        "title": "DuPoint",
        "vote": 0
    }
]