[
    {
        "age": null,
        "album": "https://en.wikipedia.org",
        "author": "https://en.wikipedia.org",
        "bookmarked": true,
        "comments": [],
        "date_dead_since": null,
        "date_published": "1948-03-10T07:13:27+00:00",
        "description": "Plan Dalet - Wikipedia",
        "id": 40306,
        "language": "en",
        "link": "https://en.wikipedia.org/wiki/Plan_Dalet",
        "manual_status_code": 0,
        "page_rating": 29,
        "page_rating_contents": 82,
        "page_rating_visits": 0,
        "page_rating_votes": 0,
        "permanent": false,
        "source_url": "https://en.wikipedia.org",
        "status_code": 200,
        "tags": [
            "israel",
            "nakba",
            "palestine"
        ],
        "thumbnail": "https://upload.wikimedia.org/wikipedia/commons/f/f4/Zones_controlled_by_Yishuv_by_the_20may48.GIF",
        "title": "Plan Dalet - Wikipedia",
        "vote": 0
    },
    {
        "age": null,
        "album": null,
        "author": null,
        "bookmarked": true,
        "comments": [],
        "date_dead_since": null,
        "date_published": "1948-08-29T14:08:06+00:00",
        "description": "Nakba - Wikipedia",
        "id": 40305,
        "language": "en",
        "link": "https://en.wikipedia.org/wiki/Nakba",
        "manual_status_code": 0,
        "page_rating": 29,
        "page_rating_contents": 82,
        "page_rating_visits": 0,
        "page_rating_votes": 0,
        "permanent": false,
        "source_url": "https://en.wikipedia.org",
        "status_code": 200,
        "tags": [
            "israel",
            "nakba",
            "palestine"
        ],
        "thumbnail": "https://upload.wikimedia.org/wikipedia/commons/thumb/4/44/Palestinians_being_expelled_from_Haifa_%28cropped%29.webp/495px-Palestinians_being_expelled_from_Haifa_%28cropped%29.webp.png",
        "title": "Nakba - Wikipedia",
        "vote": 0
    }
]