[
    {
        "age": null,
        "album": "https://www.wired.com",
        "author": "https://www.wired.com",
        "bookmarked": true,
        "comments": [],
        "date_dead_since": null,
        "date_published": "2004-02-04T17:00:00+00:00",
        "description": "The Pentagon canceled its so-called LifeLog project, an ambitious effort to build a database tracking a person's entire existence. Run by Darpa, the Defense Department's research arm, LifeLog aimed to gather in a single place just about everything an individual says, sees or does: the phone calls made, the TV shows watched, the magazines read, [\u2026]",
        "id": 37447,
        "language": "en-US",
        "link": "https://www.wired.com/2004/02/pentagon-kills-lifelog-project",
        "manual_status_code": 0,
        "page_rating": 63,
        "page_rating_contents": 86,
        "page_rating_visits": 0,
        "page_rating_votes": 50,
        "permanent": false,
        "source_url": "",
        "status_code": 200,
        "tags": [
            "darpa",
            "privacy",
            "surveillance",
            "lifelog"
        ],
        "thumbnail": "",
        "title": "Pentagon Kills LifeLog Project",
        "vote": 50
    },
    {
        "age": null,
        "album": null,
        "author": null,
        "bookmarked": true,
        "comments": [],
        "date_dead_since": null,
        "date_published": "2004-03-10T08:35:01+00:00",
        "description": "SCO sues its own customers over Linux | Network World",
        "id": 37446,
        "language": "en",
        "link": "https://www.networkworld.com/article/2331156/sco-sues-its-own-customers-over-linux.html",
        "manual_status_code": 0,
        "page_rating": 30,
        "page_rating_contents": 85,
        "page_rating_visits": 0,
        "page_rating_votes": 0,
        "permanent": false,
        "source_url": "https://www.networkworld.com",
        "status_code": 200,
        "tags": [
            "linux",
            "sco group"
        ],
        "thumbnail": null,
        "title": "SCO sues its own customers over Linux | Network World",
        "vote": 0
    },
    {
        "age": null,
        "album": null,
        "author": null,
        "bookmarked": true,
        "comments": [],
        "date_dead_since": null,
        "date_published": "2004-05-03T20:05:49+00:00",
        "description": "New Internet Site Turns Critical Eyes and Ears to the Right",
        "id": 37445,
        "language": "en",
        "link": "https://www.nytimes.com/2004/05/03/us/new-internet-site-turns-critical-eyes-and-ears-to-the-right.html",
        "manual_status_code": 0,
        "page_rating": 29,
        "page_rating_contents": 80,
        "page_rating_visits": 0,
        "page_rating_votes": 0,
        "permanent": false,
        "source_url": "https://www.nytimes.com",
        "status_code": 403,
        "tags": [
            "media",
            "media matters"
        ],
        "thumbnail": "https://static01.nyt.com/newsgraphics/images/icons/defaultPromoCrop.png?year=2004",
        "title": "New Internet Site Turns Critical Eyes and Ears to the Right",
        "vote": 0
    },
    {
        "age": null,
        "album": "https://www.nytimes.com",
        "author": "https://www.nytimes.com",
        "bookmarked": true,
        "comments": [],
        "date_dead_since": null,
        "date_published": "2004-05-13T06:26:18+00:00",
        "description": "STATE OF THE ART; Google Mail: Virtue Lies In the In-Box (Published 2004)",
        "id": 37444,
        "language": "en",
        "link": "https://www.nytimes.com/2004/05/13/technology/state-of-the-art-google-mail-virtue-lies-in-the-in-box.html?pagewanted=print&src=pm",
        "manual_status_code": 0,
        "page_rating": 29,
        "page_rating_contents": 80,
        "page_rating_visits": 0,
        "page_rating_votes": 0,
        "permanent": false,
        "source_url": "https://www.nytimes.com",
        "status_code": 403,
        "tags": [
            "gmail",
            "google"
        ],
        "thumbnail": "https://static01.nyt.com/newsgraphics/images/icons/defaultPromoCrop.png?year=2004",
        "title": "STATE OF THE ART; Google Mail: Virtue Lies In the In-Box (Published 2004)",
        "vote": 0
    },
    {
        "age": null,
        "album": null,
        "author": null,
        "bookmarked": true,
        "comments": [],
        "date_dead_since": null,
        "date_published": "2004-10-04T17:43:52+00:00",
        "description": "George Soros: The 'God' Who Carries Around Some Dangerous Demons - Los Angeles Times",
        "id": 37443,
        "language": "en-US",
        "link": "https://www.latimes.com/archives/la-xpm-2004-oct-04-oe-ehrenfeld4-story.html",
        "manual_status_code": 0,
        "page_rating": 30,
        "page_rating_contents": 86,
        "page_rating_visits": 0,
        "page_rating_votes": 0,
        "permanent": false,
        "source_url": "https://www.latimes.com",
        "status_code": 200,
        "tags": [
            "billionaires",
            "george soros",
            "elite"
        ],
        "thumbnail": "https://ca-times.brightspotcdn.com/dims4/default/64e287b/2147483647/strip/true/crop/2400x1260+0+0/resize/1200x630!/quality/75/?url=https%3A%2F%2Fcalifornia-times-brightspot.s3.amazonaws.com%2Fdf%2F45%2F57d858144a2a88575fa2b03080bb%2Flatlogo-ss.jpg",
        "title": "George Soros: The 'God' Who Carries Around Some Dangerous Demons - Los Angeles Times",
        "vote": 0
    },
    {
        "age": null,
        "album": "https://www.theregister.com",
        "author": "https://www.theregister.com",
        "bookmarked": true,
        "comments": [],
        "date_dead_since": null,
        "date_published": "2004-12-20T18:52:36+00:00",
        "description": "EU fish ministers to vote on software patents",
        "id": 37442,
        "language": "en",
        "link": "https://www.theregister.com/2004/12/20/patents_vote",
        "manual_status_code": 0,
        "page_rating": 30,
        "page_rating_contents": 85,
        "page_rating_visits": 0,
        "page_rating_votes": 0,
        "permanent": false,
        "source_url": "https://www.theregister.com",
        "status_code": 200,
        "tags": [
            "manufacturing consent",
            "european union",
            "dark design"
        ],
        "thumbnail": null,
        "title": "EU fish ministers to vote on software patents",
        "vote": 0
    },
    {
        "age": null,
        "album": null,
        "author": null,
        "bookmarked": true,
        "comments": [],
        "date_dead_since": null,
        "date_published": "2004-12-30T14:25:27+00:00",
        "description": "Fauci, in 2004: the most potent vaccination is getting infected yourself",
        "id": 37441,
        "language": "en",
        "link": "https://twitter.com/tomselliott/status/1509852615751962627",
        "manual_status_code": 0,
        "page_rating": 30,
        "page_rating_contents": 86,
        "page_rating_visits": 0,
        "page_rating_votes": 0,
        "permanent": false,
        "source_url": "https://twitter.com",
        "status_code": 200,
        "tags": [
            "anthony fauci",
            "vaccine",
            "covid",
            "flu"
        ],
        "thumbnail": null,
        "title": "Fauci, in 2004: the most potent vaccination is getting infected yourself",
        "vote": 0
    }
]