[
    {
        "age": null,
        "album": null,
        "author": null,
        "bookmarked": true,
        "comments": [],
        "date_dead_since": null,
        "date_published": "1975-01-13T16:04:49+00:00",
        "description": "Christopher Lee 1975",
        "id": 40304,
        "language": "en-US",
        "link": "https://www.youtube.com/watch?v=SgK54Vc-GZ0",
        "manual_status_code": 0,
        "page_rating": 30,
        "page_rating_contents": 86,
        "page_rating_visits": 0,
        "page_rating_votes": 0,
        "permanent": false,
        "source_url": "https://www.youtube.com/feeds/videos.xml?channel_id=UCjCoSWwlUJqgkcdGNQqkwjA",
        "status_code": 200,
        "tags": [
            "satanism",
            "occult"
        ],
        "thumbnail": "https://i.ytimg.com/vi/SgK54Vc-GZ0/sddefault.jpg?sqp=-oaymwEmCIAFEOAD8quKqQMa8AEB-AH-BIAC4AOKAgwIABABGGEgYShhMA8=&rs=AOn4CLBCkZBWjltwF0hukwL6Y1kkAFBNqg",
        "title": "Christopher Lee 1975",
        "vote": 0
    },
    {
        "age": null,
        "album": "https://ichef.bbci.co.uk/news/1024/branded_news/media/images/73223000/jpg/_73223452_624_prime_carroll.jpg",
        "author": null,
        "bookmarked": true,
        "comments": [],
        "date_dead_since": null,
        "date_published": "1975-04-26T00:00:00+00:00",
        "description": "The Paedophile Information Exchange was affiliated to the National Council for Civil Liberties in the late 1970s and early 1980s. But how did pro-paedophile campaigners operate so openly?",
        "id": 1080822,
        "language": "en-GB",
        "link": "https://www.bbc.com/news/magazine-26352378",
        "manual_status_code": 0,
        "page_rating": 30,
        "page_rating_contents": 86,
        "page_rating_visits": 3,
        "page_rating_votes": 0,
        "permanent": false,
        "source_url": "",
        "status_code": 200,
        "tags": [
            "paedophilia"
        ],
        "thumbnail": "https://ichef.bbci.co.uk/news/1024/branded_news/media/images/73223000/jpg/_73223452_624_prime_carroll.jpg",
        "title": "How did the pro-paedophile group PIE exist openly for 10 years?",
        "vote": 0
    },
    {
        "age": null,
        "album": "https://en.wikipedia.org",
        "author": "https://en.wikipedia.org",
        "bookmarked": true,
        "comments": [],
        "date_dead_since": null,
        "date_published": "1975-09-07T06:53:50+00:00",
        "description": "The Crisis of Democracy - Wikipedia",
        "id": 40303,
        "language": "en",
        "link": "https://en.wikipedia.org/wiki/The_Crisis_of_Democracy",
        "manual_status_code": 0,
        "page_rating": 29,
        "page_rating_contents": 82,
        "page_rating_visits": 0,
        "page_rating_votes": 0,
        "permanent": false,
        "source_url": "https://en.wikipedia.org",
        "status_code": 200,
        "tags": [
            "democracy",
            "trilateral commission"
        ],
        "thumbnail": "https://upload.wikimedia.org/wikipedia/en/d/df/The_Crisis_is_Democracy.png",
        "title": "The Crisis of Democracy - Wikipedia",
        "vote": 0
    },
    {
        "age": null,
        "album": "https://www.trivia-library.com",
        "author": "https://www.trivia-library.com",
        "bookmarked": true,
        "comments": [],
        "date_dead_since": "2024-04-24T00:29:43.224523+00:00",
        "date_published": "1975-09-07T06:59:55+00:00",
        "description": "Most Powerful in the World - The Bilderberg Group Part 2",
        "id": 40302,
        "language": "en",
        "link": "https://www.trivia-library.com/c/most-powerful-in-the-world-the-bilderberg-group-part-2.htm",
        "manual_status_code": 0,
        "page_rating": 3,
        "page_rating_contents": 0,
        "page_rating_visits": 0,
        "page_rating_votes": 0,
        "permanent": false,
        "source_url": "https://www.trivia-library.com",
        "status_code": 603,
        "tags": [
            "billionaires",
            "polititians",
            "bilderberg meeting",
            "democracy"
        ],
        "thumbnail": null,
        "title": "Most Powerful in the World - The Bilderberg Group Part 2",
        "vote": 0
    }
]