[
    {
        "age": null,
        "album": null,
        "author": null,
        "bookmarked": true,
        "comments": [],
        "date_dead_since": null,
        "date_published": "1998-01-30T09:29:56+00:00",
        "description": "Contrite Tobacco Executives Admit Health Risks Before Congress",
        "id": 40344,
        "language": "en-US",
        "link": "https://www.washingtonpost.com/wp-srv/national/longterm/tobacco/stories/incongress013098.htm",
        "manual_status_code": 0,
        "page_rating": 29,
        "page_rating_contents": 80,
        "page_rating_visits": 0,
        "page_rating_votes": 0,
        "permanent": false,
        "source_url": "https://www.washingtonpost.com",
        "status_code": 200,
        "tags": [
            "cigarettes",
            "manufacturing consent",
            "tobacco",
            "congress"
        ],
        "thumbnail": null,
        "title": "Contrite Tobacco Executives Admit Health Risks Before Congress",
        "vote": 0
    },
    {
        "age": null,
        "album": null,
        "author": null,
        "bookmarked": true,
        "comments": [],
        "date_dead_since": "2024-10-28T06:20:13.191780+00:00",
        "date_published": "1998-06-23T09:34:30+00:00",
        "description": "The Anatomy of a Large-Scale Hypertextual Web Search Engine",
        "id": 40343,
        "language": "en-US",
        "link": "http://infolab.stanford.edu/~backrub/google.html",
        "manual_status_code": 0,
        "page_rating": 3,
        "page_rating_contents": 0,
        "page_rating_visits": 0,
        "page_rating_votes": 0,
        "permanent": false,
        "source_url": "http://infolab.stanford.edu",
        "status_code": 600,
        "tags": [
            "search engines",
            "algorithms",
            "dead internet"
        ],
        "thumbnail": null,
        "title": "The Anatomy of a Large-Scale Hypertextual Web Search Engine",
        "vote": 0
    },
    {
        "age": null,
        "album": "http://www.catb.org",
        "author": "http://www.catb.org",
        "bookmarked": true,
        "comments": [],
        "date_dead_since": null,
        "date_published": "1998-08-20T10:55:15+00:00",
        "description": "Halloween Document 10",
        "id": 40342,
        "language": "en",
        "link": "http://www.catb.org/~esr/halloween/halloween1.html",
        "manual_status_code": 0,
        "page_rating": 29,
        "page_rating_contents": 80,
        "page_rating_visits": 0,
        "page_rating_votes": 0,
        "permanent": false,
        "source_url": "http://www.catb.org",
        "status_code": 200,
        "tags": [
            "dark design",
            "microsoft",
            "halloween documents"
        ],
        "thumbnail": null,
        "title": "Halloween Document 10",
        "vote": 0
    },
    {
        "age": null,
        "album": null,
        "author": null,
        "bookmarked": true,
        "comments": [],
        "date_dead_since": null,
        "date_published": "1998-08-20T20:36:17+00:00",
        "description": "Halloween documents - Wikipedia",
        "id": 40341,
        "language": "en-US",
        "link": "https://en.wikipedia.org/wiki/Halloween_documents",
        "manual_status_code": 0,
        "page_rating": 29,
        "page_rating_contents": 81,
        "page_rating_visits": 0,
        "page_rating_votes": 0,
        "permanent": false,
        "source_url": "https://en.wikipedia.org",
        "status_code": 200,
        "tags": [
            "open source",
            "dark design",
            "linux",
            "microsoft",
            "halloween documents"
        ],
        "thumbnail": null,
        "title": "Halloween documents - Wikipedia",
        "vote": 0
    },
    {
        "age": null,
        "album": null,
        "author": null,
        "bookmarked": true,
        "comments": [],
        "date_dead_since": null,
        "date_published": "1998-08-20T20:41:32+00:00",
        "description": "Halloween Document 8",
        "id": 40340,
        "language": "en",
        "link": "http://catb.org/~esr/halloween/index.html",
        "manual_status_code": 0,
        "page_rating": 29,
        "page_rating_contents": 80,
        "page_rating_visits": 0,
        "page_rating_votes": 0,
        "permanent": false,
        "source_url": "http://catb.org",
        "status_code": 200,
        "tags": [
            "open source",
            "dark design",
            "linux",
            "microsoft",
            "halloween documents"
        ],
        "thumbnail": null,
        "title": "Halloween Document 8",
        "vote": 0
    },
    {
        "age": null,
        "album": "http://infolab.stanford.edu",
        "author": "http://infolab.stanford.edu",
        "bookmarked": true,
        "comments": [],
        "date_dead_since": null,
        "date_published": "1998-09-06T07:13:47+00:00",
        "description": "The Anatomy of a Large-Scale Hypertextual\r\nWeb Search Engine",
        "id": 40339,
        "language": "en",
        "link": "http://infolab.stanford.edu/pub/papers/google.pdf",
        "manual_status_code": 0,
        "page_rating": 9,
        "page_rating_contents": 20,
        "page_rating_visits": 0,
        "page_rating_votes": 0,
        "permanent": false,
        "source_url": "http://infolab.stanford.edu",
        "status_code": 200,
        "tags": [
            "algorithms",
            "search algorithms",
            "search bias",
            "bias",
            "media bias",
            "search engines"
        ],
        "thumbnail": null,
        "title": "The Anatomy of a Large-Scale Hypertextual Web Search Engine",
        "vote": 0
    },
    {
        "age": null,
        "album": "https://archive.nytimes.com",
        "author": "https://archive.nytimes.com",
        "bookmarked": true,
        "comments": [],
        "date_dead_since": null,
        "date_published": "1998-11-03T10:53:56+00:00",
        "description": "Internal Memo Shows Microsoft Executives' Concern Over Free Software",
        "id": 40338,
        "language": "en",
        "link": "https://archive.nytimes.com/www.nytimes.com/library/tech/98/11/biztech/articles/03memo.html",
        "manual_status_code": 0,
        "page_rating": 48,
        "page_rating_contents": 80,
        "page_rating_visits": 0,
        "page_rating_votes": 30,
        "permanent": false,
        "source_url": "https://archive.nytimes.com",
        "status_code": 200,
        "tags": [
            "dark design",
            "microsoft",
            "halloween documents"
        ],
        "thumbnail": null,
        "title": "Internal Memo Shows Microsoft Executives' Concern Over Free Software",
        "vote": 30
    }
]