[
    {
        "age": null,
        "album": null,
        "author": null,
        "bookmarked": true,
        "comments": [],
        "date_dead_since": null,
        "date_published": "1984-08-10T05:48:04+00:00",
        "description": "Reflections on trusting trust",
        "id": 39806,
        "language": "en",
        "link": "https://users.ece.cmu.edu/~ganger/712.fall02/papers/p761-thompson.pdf",
        "manual_status_code": 0,
        "page_rating": 9,
        "page_rating_contents": 20,
        "page_rating_visits": 0,
        "page_rating_votes": 0,
        "permanent": false,
        "source_url": "https://users.ece.cmu.edu",
        "status_code": 200,
        "tags": [
            "security",
            "programming",
            "vulnerability",
            "linux",
            "safety",
            "ken thompson"
        ],
        "thumbnail": null,
        "title": "Reflections on trusting trust",
        "vote": 0
    },
    {
        "age": null,
        "album": null,
        "author": null,
        "bookmarked": true,
        "comments": [],
        "date_dead_since": null,
        "date_published": "1984-11-06T20:54:09+00:00",
        "description": "Understanding the Political Scenario of INDIA,CANADA,JAPAN,CHINA,USA, FRANCE etc",
        "id": 39804,
        "language": "en-US",
        "link": "https://www.youtube.com/watch?v=Y9TviIuXPSE",
        "manual_status_code": 0,
        "page_rating": 30,
        "page_rating_contents": 86,
        "page_rating_visits": 0,
        "page_rating_votes": 0,
        "permanent": false,
        "source_url": "https://www.youtube.com/feeds/videos.xml?channel_id=UCYCVm1aN33HYdLs66DHw_ow",
        "status_code": 200,
        "tags": [
            "russia",
            "bezmienow",
            "bezimienow",
            "propaganda"
        ],
        "thumbnail": "https://i.ytimg.com/vi/Y9TviIuXPSE/maxresdefault.jpg",
        "title": "Understanding the Political Scenario of INDIA,CANADA,JAPAN,CHINA,USA, FRANCE etc",
        "vote": 0
    }
]